Ticker,Empresa,Resumo,Site,setor_original,Setor,PL,PVP,ROE,DivYield,MarketCap,Preco,Categoria,Score,LucroPorAcao,PrecoJusto,Desconto_%,Ranking,Risco,Risco_num,Farol,Preco_antigo,Variacao_%
VTRU3,VITRUEDUCA,"Vitru Educação S.A., together with its subsidiaries, provides educational services in Brazil. It offers distance and on-site undergraduate, graduate, and technical and professional courses, as well as digital education services under the Uniasselvi and UniCesumar brands. The company was formerly known as Vitru Brasil Empreendimentos, Participações e Comércio S.A. and changed its name to Vitru Educação S.A. in December 2025. The company was incorporated in 2014 and is headquartered in São Paulo, Brazil.",https://www.vitru.com.br/pt_BR,Consumer Defensive,Consumo Defensivo,2.3486843,0.64088756,0.32387,0.14,2665173507.40703,17.850000381469727,Small Caps,85,7.599999872894679,113.99999809342017,84.34,58.0,Baixo,,🟢,14.15999984741211,26.05932608630645
JHSF3,JHSF PART ED,"JHSF Participações S.A., together with its subsidiaries, engages in the real estate business in Brazil and internationally. It operates through five segments: Recurring Income; Real Estate Business; Airport, Hotels and Restaurants; and Holding. The company is involved in the construction and operation of shopping centers; purchase and sale of residential and commercial properties; retail of fashion goods; leasing of commercial real estate; and development and operation of hotels, tourism activities, hospitality, and gastronomy, including bars, cafés, and restaurants. It also engages in the provision of management services; and financing solutions, services, and real estate investment. JHSF Participações S.A. was founded in 1972 and is headquartered in São Paulo, Brazil.",https://jhsf.com.br,Real Estate,Imobiliário,4.112903,1.1258278,0.29331,0.06509999999999999,8384149539.0,12.75,Small Caps,85,3.1000001701960875,46.50000255294131,72.58,52.0,Baixo,,🟢,9.260000228881836,37.68898147791502
BNBR3,NORD BRASIL,"Banco do Nordeste do Brasil S.A. operates as a regional development bank in Latin America. It operates through Own Portfolio and FNE segments. The company offers savings accounts, demand and time deposits, and custody of securities; specialized credit; credit for infrastructure, and urban and rural microfinance; and collection services and credit cards. It is also involved in structuring and distribution of securities, such as debentures, notes, promissory notes, real estate receivables certificates, investment funds; third-party asset management, consisting of the management of investment funds; foreign exchange operations; portfolio management and credit analysis; and electronic transfers. It serves corporate, large, medium, small, and micro-enterprises; agribusinesses, rural producers, and family farming; urban and rural microfinance sectors; representative entities; individuals; and direct and indirect public administration institutions. The company operates through physical service points, including agencies and microcredit units. Banco do Nordeste do Brasil S.A. was founded in 1952 and is headquartered in Fortaleza, Brazil.",https://www.bnb.gov.br,Financial Services,Serviços Financeiros,4.1189113,0.6751005,0.17427999,0.0591,11350471135.0,115.0,Mid Caps,100,27.919999151232027,418.7999872684804,72.54,52.0,Baixo,,🟢,119.75,-3.966597077244259
BRSR6,BANRISUL B,"Banco do Estado do Rio Grande do Sul S.A., a multiple-service bank, provides a range of banking products and services primarily in Brazil. The company engages in the retail banking, lending, financing and investment, mortgage loan, development, lease portfolio, and foreign exchange activities. It also provides securities brokerage, consortium groups, payment industry solutions, insurance, and pension plan and saving bonds products. Banco do Estado do Rio Grande do Sul S.A. was incorporated in 1928 and is headquartered in Porto Alegre, Brazil.",https://www.banrisul.com.br,Financial Services,Serviços Financeiros,4.5773196,0.6132385,0.14481,0.0496,7263386805.126829,17.760000228881836,Small Caps,50,3.8800000395169776,58.20000059275466,69.48,34.0,Baixo,,🟢,18.030000686645508,-1.497506641603493
BAZA3,AMAZIA,"Banco da Amazônia S.A. provides banking products and services in Brazil. The company offers checking, savings, simplified, and salary accounts; and credit cards. It also provides loan solutions; investment products, such as capitalization, bank deposit certificates and bank deposit receipts, agribusiness credit note, and Amazonia Prev Plus; car, home, travel, life and personal accident, personal lenders, aviation, fleet vehicle, and various machines and equipment insurance products. In addition, the company offers investment products; working capital, debt renegotiation, green rural amazon, merchant marine fund, card advance, rural producer tour, and green energy for non-rural; billing and payment; export collection, payment order, and export letter of credit; and agricultural products and services. The company was incorporated in 1942 and is headquartered in Belém, Brazil.",https://www.bancoamazonia.com.br,Financial Services,Serviços Financeiros,4.819277,0.58570117,0.12352,0.1577,4260431940.0,76.0,Small Caps,65,15.77000035482501,236.55000532237514,67.87,40.0,Baixo,,🟢,85.54000091552734,-11.152678061049247
BRSR3,BANRISUL,"Banco do Estado do Rio Grande do Sul S.A., a multiple-service bank, provides a range of banking products and services primarily in Brazil. The company engages in the retail banking, lending, financing and investment, mortgage loan, development, lease portfolio, and foreign exchange activities. It also provides securities brokerage, consortium groups, payment industry solutions, insurance, and pension plan and saving bonds products. Banco do Estado do Rio Grande do Sul S.A. was incorporated in 1928 and is headquartered in Porto Alegre, Brazil.",https://www.banrisul.com.br,Financial Services,Serviços Financeiros,4.856777,0.6557094,0.14481,0.0464,7766425224.623171,18.989999771118164,Small Caps,50,3.9100003502565928,58.65000525384889,67.62,34.0,Baixo,,🟢,18.799999237060547,1.0106411796180717
BRSR5,BANRISUL A,"Banco do Estado do Rio Grande do Sul S.A., a multiple-service bank, provides a range of banking products and services primarily in Brazil. The company engages in the retail banking, lending, financing and investment, mortgage loan, development, lease portfolio, and foreign exchange activities. It also provides securities brokerage, consortium groups, payment industry solutions, insurance, and pension plan and saving bonds products. Banco do Estado do Rio Grande do Sul S.A. was incorporated in 1928 and is headquartered in Porto Alegre, Brazil.",https://www.banrisul.com.br,Financial Services,Serviços Financeiros,5.0392156,0.6211802,0.14481,0.0489,7357450747.623171,17.989999771118164,Small Caps,50,3.570000015700492,53.550000235507376,66.41,34.0,Baixo,,🟢,18.790000915527344,-4.257589704256422
PINE3,PINE,"Banco Pine S.A., together with its subsidiaries, provides banking products and services in Brazil. The company engages in commercial, investment, credit, financing, foreign exchange, and leasing businesses. It is also involved in consulting; securities distribution; real estate; business intermediation; and commercialization of environmental assets. The company was incorporated in 1991 and is headquartered in São Paulo, Brazil.",https://www.pine.com,Financial Services,Serviços Financeiros,5.0569105,1.7560699,0.40772,0.0873,3144027871.868019,12.4399995803833,Small Caps,60,2.459999950638498,36.89999925957747,66.29,46.0,Baixo,,🟢,11.600000381469728,7.241372166292498
MDNE3,MOURA DUBEUX,"Moura Dubeux Engenharia S.A. provides real estate development services in Brazil. The company develops flats, hotels, resorts, and residential buildings, as well as offers technical construction administration, and technical advisory services to the condominiums. It also engages in the purchase and sale of properties; real estate construction; management; administration; and engineering services, as well as real estate consulting services, including site purchase; product formatting; and project approval. The company was founded in 1983 and is based in Recife, Brazil.",https://www.mouradubeux.com.br,Real Estate,Imobiliário,5.113367,1.3650119,0.28023002,0.1566,3120649915.7739677,30.219999313354492,Small Caps,85,5.910000067148415,88.65000100722622,65.91,52.0,Baixo,,🟢,33.20000076293945,-8.975907774410299
PETR4,PETROBRAS,"Petróleo Brasileiro S.A. - Petrobras explores, produces, and sells oil and gas in Brazil, China, the United States, the Americas, Asia, Europe, Singapore, and internationally. It operates through three segments: Exploration and Production; Refining, Transportation & Marketing; and Gas & Low Carbon Energies. The Exploration and Production segment explores, develops, and produces crude oil, natural gas liquids, and natural gas primarily for supplies to the domestic refineries. Its Refining, Transportation and Marketing segment engages in the refining, logistics, transport, acquisition, and export of crude oil; trading of oil products; and production of fertilizers, as well as holding interests in petrochemical companies. The Gas and Low Carbon Energies segment is involved in the logistic and trading of natural gas and electricity; transportation and trading of liquefied natural gas; generation of electricity through thermoelectric power plants; renewable energy business; low carbon business; and natural gas processing business, as well as production of biodiesel and its co-products. It also engages in prospecting, drilling, refining, processing, trading, and transporting crude oil from producing onshore and offshore oil fields, and shale or other rocks, as well as oil products, natural gas, and other liquid hydrocarbons. In addition, the company engages in research, development, production, transportation, distribution, and trading of energy. Petróleo Brasileiro S.A. - Petrobras was incorporated in 1953 and is headquartered in Rio De Janeiro, Brazil.",https://petrobras.com.br,Energy,Energia,5.179219,1.4559438,0.30274,0.0674,742337206957.0197,54.33000183105469,Blue Chips,100,10.489998942129052,157.34998413193577,65.47,58.0,Baixo,,🟢,42.34000015258789,28.318378921247945
SBFG3,GRUPO SBF,"Grupo SBF S.A. engages in the sale of sporting goods and leisure products in Brazil. The company offers footwear, clothing, entertainment in general, equipment, and accessories. It also offers free weekly Yoga and FitDance classes; promotes several events and free sports classes; free activities, such as classes in various modalities and sporting events; and loan of soccer, basketball, volleyball, rackets, and yoga mats. The company sells its products through physical store, website, and application under the Oxer, Nord, and Adams brands, as well as Go Equal, Farm, Asics, Brazilian Football Confederation (CBF) collection brands. In addition, it is involved in the provision of logistics services; and sports commerce and audio vision production businesses. Grupo SBF S.A. was founded in 1981 and is headquartered in São Paulo, Brazil.",https://ri.gruposbf.com.br,Consumer Cyclical,Consumo Cíclico,5.2063494,0.70852536,0.13704,0.0552,2269733736.1565323,9.84000015258789,Small Caps,65,1.889999959009261,28.349999385138915,65.29,34.0,Baixo,,🟢,12.3100004196167,-20.064989300022443
PLPL3,PLANOEPLANO,"Plano & Plano Desenvolvimento Imobiliário S.A., through its subsidiaries develops, constructs, and sells real estate projects in the São Paulo Metropolitan Region. It also provides its services online. The company was founded in 1997 and is based in São Paulo, Brazil.",https://www.planoeplano.com.br,Real Estate,Imobiliário,5.4605265,1.5071727,0.31768,0.0594,1685313212.728672,8.300000190734863,Small Caps,60,1.51999998365265,22.799999754789752,63.6,40.0,Baixo,,🟢,14.449999809265137,-42.56055155507324
PINE4,PINE,"Banco Pine S.A., together with its subsidiaries, provides banking products and services in Brazil. The company engages in commercial, investment, credit, financing, foreign exchange, and leasing businesses. It is also involved in consulting; securities distribution; real estate; business intermediation; and commercialization of environmental assets. The company was incorporated in 1991 and is headquartered in São Paulo, Brazil.",https://www.pine.com,Financial Services,Serviços Financeiros,5.6382113,1.9579333,0.40772,0.0783,3505439525.2367325,13.869999885559082,Small Caps,60,2.460000015529585,36.900000232943775,62.41,46.0,Baixo,,🟢,11.960000038146973,15.969898338796625
PETR3,PETROBRAS,"Petróleo Brasileiro S.A. - Petrobras explores, produces, and sells oil and gas in Brazil, China, the United States, the Americas, Asia, Europe, Singapore, and internationally. It operates through three segments: Exploration and Production; Refining, Transportation & Marketing; and Gas & Low Carbon Energies. The Exploration and Production segment explores, develops, and produces crude oil, natural gas liquids, and natural gas primarily for supplies to the domestic refineries. Its Refining, Transportation and Marketing segment engages in the refining, logistics, transport, acquisition, and export of crude oil; trading of oil products; and production of fertilizers, as well as holding interests in petrochemical companies. The Gas and Low Carbon Energies segment is involved in the logistic and trading of natural gas and electricity; transportation and trading of liquefied natural gas; generation of electricity through thermoelectric power plants; renewable energy business; low carbon business; and natural gas processing business, as well as production of biodiesel and its co-products. It also engages in prospecting, drilling, refining, processing, trading, and transporting crude oil from producing onshore and offshore oil fields, and shale or other rocks, as well as oil products, natural gas, and other liquid hydrocarbons. In addition, the company engages in research, development, production, transportation, distribution, and trading of energy. Petróleo Brasileiro S.A. - Petrobras was incorporated in 1953 and is headquartered in Rio De Janeiro, Brazil.",https://petrobras.com.br,Energy,Energia,5.7244997,1.6092292,0.30274,0.061,773968392464.7273,60.04999923706055,Blue Chips,75,10.48999954302741,157.34999314541116,61.84,52.0,Baixo,,🟢,46.220001220703125,29.922106557977784
EVEN3,EVEN,"Even Construtora e Incorporadora S.A. operates as a real estate developer and builder in Brazil. The company develops and sells residential projects, hotels, and art centers. It is also involved in land prospecting; real estate development and sale; broker portal operation; and project construction activities. The company was founded in 1974 and is based in São Paulo, Brazil.",https://www.even.com.br,Real Estate,Imobiliário,5.8762884,0.5876894,0.1113,0.16079999999999997,1130898954.5575676,5.699999809265137,Small Caps,65,0.970000010425822,14.550000156387329,60.82,40.0,Baixo,,🟢,7.710000038146973,-26.0700417501544
EUCA4,EUCATEX,"Eucatex S.A. Indústria e Comércio produces and sells hardboard and wood panels in Brazil. The company provides laminate and vinyl floors, doors, partitions, medium-density fiberboard (MDF) and medium-density particleboard (MDP) panels, fiberboards, paint and varnishes, decorative panels, wood fiber sheets, lacquers, and other products. It also produces eucalyptus seedlings and skirting boards; and engages in business management consultancy, real estate, forestry, harvesting, forest management, transport, waste collection logistics, recycled material, and electricity activities. The company primarily serves the furniture and civil construction industries. It also exports its products to the United States and Latin America. Eucatex S.A. Indústria e Comércio was incorporated in 1951 and is headquartered in São Paulo, Brazil.",https://www.eucatex.com.br,Industrials,Indústria,5.880096,0.74801713,0.13953,0.045899999999999996,2259149653.696045,24.520000457763672,Small Caps,50,4.1700000234288135,62.5500003514322,60.8,34.0,Baixo,,🟢,20.86000061035156,17.54554046175759
TRIS3,TRISUL,"Trisul S.A. engages in the construction and development of real estate properties in Brazil. The company is involved in the subdivision of plots of land; and purchase and sale of properties. It also develops real estate projects with ownership interest of third parties. Trisul S.A. was founded in 2007 and is headquartered in São Paulo, Brazil.",https://www.trisul-sa.com.br,Real Estate,Imobiliário,6.098039,0.9529646,0.12507,0.1377,1452475603.9261866,6.21999979019165,Small Caps,65,1.0200000016712996,15.300000025069494,59.35,40.0,Baixo,,🟢,6.900000095367432,-9.855076750394893
ABCB4,ABC BRASIL,"Banco ABC Brasil S.A., a commercial bank, provides various financial products and services to middle and large companies in Brazil. The company offers current account; loan and finance products, such as working capital, revolving, receivables, anticipation to suppliers, payroll-linked loan for employees, on lending in foreign currency, and foreign currency loans, as well as for agribusiness, foreign trade, transfers from the coffee economy defense fund, and real estate; guarantee issues, such as payment guarantee issued, performance guarantee issued, judicial guarantee issued, stand-by letter of credit, confirmation of export letters of credit, bid bond, performance bond, and import letter of credit; derivatives, such as non-deliverable forward, term of goods, swap, and options; foreign exchange services for exchange export and import, spot exchange of advance on exchanges delivered, and financial spot exchange of shipping; agribusiness and real estate credit notes, bank deposit certificate, investment funds, structured operations certificate, and debentures. It also provides investments services in mergers and acquisitions operations, capital markets, and project finance. In addition, the company offers insurance products, such as life, performance bonds, and property and casualty insurance; and operates as energy trader. The company was formerly known as Banco Roma de Investimentos and changed its name to Banco ABC Brasil S.A. in 1997. The company was incorporated in 1983 and is headquartered in São Paulo, Brazil. Banco ABC Brasil S.A. is a subsidiary of Marsau Uruguay Holdings SA.",https://www.abcbrasil.com.br,Financial Services,Serviços Financeiros,6.348416,0.9961659,0.14905,0.0833,7235679107.225473,28.059999465942383,Small Caps,65,4.420000117500551,66.30000176250827,57.68,40.0,Baixo,,🟢,26.959999084472656,4.080120247864774
OFSA3,OUROFINO S/A,"Ouro Fino Saúde Animal Participações S.A., together with its subsidiaries, engages in the development, production, and sale of veterinary drugs, vaccines, and other products for production and companion animals primarily in Brazil. The company operates through three segments: Production Animals; Companion Animals; and International Operations. It manufactures and trades in medicines, including anti-inflammatories, antibiotics, anticoccidials, antimastitics, ectoparasiticides, endectocides, endoparasiticides, hemoparasiticides, inoculants, therapeutics, products for animal reproduction, and vaccines; and performance-enhancing additives, probiotics, and other veterinary products for cattle, swine, poultry, sheep, horses, and goats, as well as manufacturing services. The company also manufactures veterinary solutions for dogs and cats, such as anesthetics, sedatives, anti-inflammatory, antibiotic, antimicrobial, dermatological, ectoparasiticide, endoparasiticide, dermocosmetic, and otological products. In addition, it offers vaccines and other veterinary products for production and companion animals. The company was formerly known as A.H.N.S.P.E. Empreendimentos e Participações S.A. Ouro Fino Saúde Animal Participações S.A. was incorporated in 1987 and is headquartered in Cravinhos, Brazil.",https://www.ourofinosaudeanimal.com,Healthcare,Saúde,6.4172335,1.840052,0.31807,0.045599999999999995,1521623208.778572,28.299999237060547,Small Caps,45,4.409999922405901,66.14999883608851,57.22,40.0,Baixo,,🟢,26.21999931335449,7.9328755841982925
SUZB3,SUZANO S.A.,"Suzano S.A. manufactures and sells pulp and paper products in Brazil and internationally. It operates in two segments, Cellulose, and Paper. The company offers coated and uncoated printing and writing papers, paperboards, tissue papers, and market and fluff pulps. It also engages in the research, development, and production of biofuel; operation of port terminals; biotechnology and nanocrystalline pulps research and development activities; power generation and distribution business; road freight transport activities; commercialization of equipment and parts; research and development of lignin; industrialization and commercialization of cellulose, microfiber cellulose, paper, and paperboard products; and industrialization, commercialization, and exporting of pulp products. In addition, the company is involved in the commercial office, corporate venture capital, and financial fundraising activities; production of consumer goods through cellulose-based liquids; development and production of cellulose-based fibers, yarns, and textile filaments; restoration, conservation, and preservation of forests; and research of raw materials for the textile industry. The company was formerly known as Suzano Papel e Celulose S.A. and changed its name to Suzano S.A. in April 2019. The company was founded in 1924 and is headquartered in Salvador, Brazil.",https://www.suzano.com.br,Basic Materials,Materiais Básicos,6.459418,1.1898783,0.17604999,0.026600000000000002,51947231629.802505,42.18000030517578,Blue Chips,85,6.530000118458935,97.95000177688404,56.94,40.0,Baixo,,🟢,55.81999969482422,-24.43568517416738
VLID3,VALID,"Valid Soluções S.A. provides digital payment solutions in Brazil, Argentina, the United States, Europe, the Middle East, Africa, Asia, and internationally. It operates through three segments: Payments Method, Identification, and Mobile. The Payments Method segment offers integrated products and solutions, such as chip and cards, magnetic stripes, gift cards, invoices, and bank statements, as well as solutions in radio frequency identification, contactless and cards, and mobile payments. The Identification segment provides data capture, storage and administration, security prints, recognition, and digital printing, as well as digital government solutions. Its solutions are used in the generation of computerized systems for the administration of databases, collection of biometric data, printing and personalization of official documents, identification, solutions for smart cities, traceable stamps, and digital certification services. The Mobile segment offers services of issuing statements and technologies for use in cell phones; and digital mobility, such as NFC, TSM, and HCE solutions for mobile service providers. It also develops technologies for use in cell phones, such as recharge and payment, and production of cards for telecommunications. In addition, it also develops digital security platform. It serves state governments and public agencies, financial institutions, telecommunications companies, retailers, agriculture cooperatives, and independent professionals. The company was formerly known as Valid Soluções e Serviços de Segurança em Meios de Pagamento e Identificação S.A. and changed its name to Valid Soluções S.A. in August 2018. Valid Soluções S.A. was incorporated in 1957 and is headquartered in São Paulo, Brazil.",https://www.valid.com,Industrials,Indústria,6.4930553,0.8757552,0.13442001,0.0998,1461462599.5260658,18.700000762939453,Small Caps,65,2.8800002308527164,43.20000346279075,56.71,40.0,Baixo,,🟢,21.06999969482422,-11.24821531187278
BMGB4,BANCO BMG,"Banco BMG S.A. provides commercial and credit, financing, and investment products and services primarily in Brazil. The company offers digital accounts; digital account credit card and consigned credit card; payroll and personal loan; insurance products, including lender, life, family life, and FGTS Protected insurance, as well as Bmg Med and Bmg Consortium services. It also provides investment products, such as bank deposit certificates, agribusiness letter of credit, and letters of real estate credit. In addition, the company offers commercial banking; debentures; trade finance; and working capital; and derivatives, such as non-deliverable forward, SWAP, options. The company was formerly known as BMG Financeira S.A.Crédito, Financiamento e Investimento and changed its name to Banco BMG S.A. in April 1989. Banco BMG S.A. was founded in 1930 and is headquartered in São Paulo, Brazil.",https://www.bancobmg.com.br,Financial Services,Serviços Financeiros,6.6633663,0.85634303,0.13986,0.0594,4323700794.503796,6.730000019073486,Small Caps,65,1.010000008415189,15.150000126227836,55.58,34.0,Baixo,,🟢,4.949999809265137,35.95960158375448
TEND3,TENDA,"Construtora Tenda S.A. operates as a construction company for homes in Brazil. It operates through On-Site and Off-Site segments. The company also engages in the execution and management of civil construction works; development of real estate; purchase and sale of real estate and land; provision of civil construction management services; and intermediation and marketing of consortium shares. Construtora Tenda S.A. was founded in 1969 is headquartered in São Paulo, Brazil.",https://www.tenda.com,Real Estate,Imobiliário,6.7244444,2.410195,0.406,0.0483,3709214907.5759125,30.260000228881836,Small Caps,45,4.500000063779519,67.50000095669279,55.17,40.0,Baixo,,🟢,30.670000076293945,-1.3368107153316064
ISAE4,ISA ENERGIA,"ISA Energía Brasil S.A. engages in the electric power transmission business in Brazil. As of December 31, 2025, it had a total installed transformation capacity of 84,910 MVA together with transmission lines of 23,000 kilometers. It operates in the states of Bahia, Espírito Santo, Minas Gerais, Rio de Janeiro, and São Paulo. ISA Energía Brasil S.A. was incorporated in 1999 and is headquartered in São Paulo, Brazil.",https://www.isacteep.com.br,Utilities,Utilidades Públicas,6.84813,0.87149143,0.13186,0.06309999999999999,20682717014.88013,29.309999465942383,Mid Caps,80,4.280000447705049,64.20000671557574,54.35,46.0,Baixo,,🟢,28.770000457763672,1.8769516843472647
CEAB3,CEA MODAS,"C&A Modas S.A. operates as a fashion retailer for women, men, and children in Brazil and internationally. It offers blouses, pants, dresses, skirts, coats, beachwear, underwear, t-shirts, shirts, Bermuda, jackets and coats, bodies, sets, and shorts; beauty products, including perfumes, makeup, skincare, body and bath, and accessories; and footwear, such as boots, shoes and loafers, flats, sandals, papetes, and tennis footwear. The company sells its products through stores, as well as online. The company was founded in 1841 and is headquartered in Barueri, Brazil.",https://www.cea.com.br,Consumer Cyclical,Consumo Cíclico,6.8579235,0.99006,0.15493,0.0416,3715592250.1195593,12.550000190734863,Small Caps,70,1.830000027083251,27.450000406248765,54.28,46.0,Baixo,,🟢,12.140000343322754,3.3772638864678255
RECV3,PETRORECSA,"Petroreconcavo S.A. engages in the exploration and production of oil and gas extraction in Brazil. The company was founded in 1999 and is headquartered in Mata de São João, Brazil.",https://petroreconcavo.com.br,Energy,Energia,6.882353,0.7744754,0.11252,0.0582,3433740818.222727,11.699999809265137,Small Caps,65,1.6999999577564733,25.499999366347097,54.12,34.0,Baixo,,🟢,12.600000381469728,-7.142861467910615
CLSC3,CELESC EJ,"Centrais Elétricas de Santa Catarina S.A., through its subsidiaries, engages in the generation, transmission, and sale of electrical energy in Brazil. The company primarily owns hydroelectric plants. Centrais Elétricas de Santa Catarina S.A. was founded in 1955 and is based in Florianópolis, Brazil.",https://www.celesc.com.br,Utilities,Utilidades Públicas,6.888789,1.3957434,0.21595,0.0525,5901453423.0,153.0,Small Caps,85,22.20999946434707,333.1499919652061,54.07,46.0,Baixo,,🟢,124.01000213623048,23.377144878945103
WIZC3,WIZ CO,"Wiz Co Participações e Corretagem de Seguros S.A. operates as an insurance broker in Brazil. The company offers bancassurance, consortiums, and credit services. It also involved in-person, remote, and digital solutions for the sale and after-sales of insurance and financial products. The company was formerly known as Wiz Soluções e Corretagem de Seguros S.A. Wiz Co Participações e Corretagem de Seguros S.A. was founded in 1973 and is headquartered in Brasília, Brazil.",https://wiz.co,Financial Services,Serviços Financeiros,6.951613,2.0051177,0.26558,0.0729,1378400752.5400639,8.619999885559082,Small Caps,60,1.239999966275321,18.599999494129815,53.66,46.0,Baixo,,🟢,9.6899995803833,-11.042308990295059
GMAT3,GRUPO MATEUS,"Grupo Mateus S.A. operates a supermarket chain in Brazil. It operates wholesale, furniture and home appliances, e-commerce, bakery industry and slicing and portioning center. The company was founded in 1986 and is headquartered in São Luís, Brazil.",https://www.grupomateus.com.br,Consumer Cyclical,Consumo Cíclico,7.068493,1.0623841,0.14265999,0.023700000000000002,11870513621.61351,5.159999847412109,Mid Caps,65,0.7299999939749688,10.949999909624532,52.88,28.0,Baixo,,🟢,5.460000038146973,-5.494508949429935
BMEB3,MERCANTIL,"Banco Mercantil do Brasil S.A., together with its subsidiaries, provides financial services to individuals and corporate clients in Brazil. It operates through Financial, Insurance and Business Intermediation, Marketplace, and Other segments. The company offers Current Account, Loans, Cards, Investments, Card receivables, Overdraft, private pension, benefit transfer, special limit, and capital market products. It also provides internet, WhatsApp, Mercantile app, and self-service banking services. In addition, the company engages in real estate, securitization, and technology activities. The company was formerly known as Banco Industrial de Minas Gerais and changed its name to Banco Mercantil do Brasil S.A. in 1974. Banco Mercantil do Brasil S.A. was founded in 1940 and is headquartered in Belo Horizonte, Brazil.",https://bancomercantil.com.br,Financial Services,Serviços Financeiros,7.07196,2.240478,0.32414,0.0552,7363403640.0,57.0,Small Caps,60,8.060000339368436,120.90000509052655,52.85,40.0,Baixo,,🟢,73.63999938964844,-22.596414350306908
DIRR3,DIRECIAL,"Direcional Engenharia S.A. engages in the development and construction of affordable and mid-range residential real estate projects primarily in Brazil. The company focuses on the development, construction, and sale of housing units for low-income and middle-income families. The company was founded in 1981 and is based in Belo Horizonte, Brazil.",https://direcional.com.br,Real Estate,Imobiliário,7.147239,2.6033518,0.41882,0.133,6045169540.555859,11.649999618530273,Small Caps,60,1.6300000067900728,24.450000101851092,52.35,46.0,Baixo,,🟢,13.510000228881836,-13.76758385521883
SHUL4,SCHULZ EJ,"Schulz S.A., together with its subsidiaries, manufactures and sells air compressors in Brazil, Latin America, the United States, Canada, Europe, and internationally. It operates through Industry and Commercialization segments. The company offers air compressors, including diaphragm motor, reciprocating, rotary-screw, booster, scroll, oil-free, and piston compressors; air treatment equipment, such as condensate separators and drains, purifiers, and water and oil separators, as well as air tanks and dryers, and air filters and managers; and cleaning products comprising wet and dry vacuum cleaners and high-pressure washers. It also provides machines and tools, which include power generators, welding machines, combustion motors, column and bench equipment, electric and cordless tools, hand tools, pneumatic and battery-powered tools, 12V automotive lines, engines, and electric spray guns, as well as lubricants; motor pumps; replacement parts; and other related accessories. In addition, the company offers after-sales services. Further, its products are used for residential, professional, and industrial applications. Additionally, the company exports its products. Schulz S.A. was founded in 1963 and is headquartered in Joinville, Brazil.",https://www.schulz.com.br,Consumer Cyclical,Consumo Cíclico,7.1971836,1.1653364,0.16851999,0.0664,1821992106.6951241,5.110000133514404,Small Caps,85,0.7099999690871307,10.64999953630696,52.02,46.0,Baixo,,🟢,5.349999904632568,-4.485977110211686
CMIG4,CEMIG EJ,"Companhia Energética de Minas Gerais - CEMIG, through its subsidiaries, engages in the generation, transmission, distribution, and sale of energy in Brazil. As of December 31, 2025, the company operated 32 hydro plants with a total capacity of 4,434 M, 2 wind farms with a total capacity of 71 MW, and 12 photovoltaic power stations with a total capacity of 169 MW; 365,577 miles of distribution lines; and 4,865 miles of transmission lines. It is also involved in the acquisition, transportation, and distribution of gas and its sub products and derivatives; sale and trading of energy; construction, implementation, operation and maintenance of electricity transmission; marketing and intermediation of energy-related business; installation, operation, maintenance and rental of solar plants; and distributed generation, account services, cogeneration, energy efficiency, and supply and storage management activities. The company was incorporated in 1952 and is headquartered in Belo Horizonte, Brazil.",https://www.cemig.com.br,Utilities,Utilidades Públicas,7.3271604,1.1636114,0.15944,0.096,33956293623.83094,11.869999885559082,Mid Caps,100,1.6200000051260077,24.300000076890115,51.15,52.0,Baixo,,🟢,11.93000030517578,-0.5029372848437105
BEES4,BANESTES,"Banestes S.A - Banco do Estado do Espírito Santo S.A., together with its subsidiaries, operates as a multiple-service bank in Brazil. It operates through Financial; and Insurance and Other segments. The company operates through its portfolios of commercial, rural, industrial, real estate, foreign exchange, leasing, investment, and credit card administration; and in the areas of insurance and distribution, intermediation, and administration of third-party resources. It also provides asset and fund management; administration and intermediation of securities, insurance, pension plans, and capitalization; investment funds; credit and debit cards; internet banking; checking, savings, special, trust check, young and university, easier, simplified, salary, and judicial accounts; capitalization bonds; car, life, home, personal accident, card financial protection, and business insurance; collections and agreement; transfer of funds and resources; collection; custody; credit and financing options; loans and guarantees; and other services. In addition, the company operates a public lottery service. Banestes S.A - Banco do Estado do Espírito Santo S.A. was founded in 1935 and is headquartered in Vitória, Brazil.",https://www.banestes.com.br,Financial Services,Serviços Financeiros,7.4094486,1.3018816,0.18201,0.036699999999999997,3284062987.0972633,9.40999984741211,Small Caps,70,1.2700000169259706,19.05000025388956,50.6,40.0,Baixo,,🟢,8.800000190734863,6.931814130180227
BEES3,BANESTES EJ,"Banestes S.A - Banco do Estado do Espírito Santo S.A., together with its subsidiaries, operates as a multiple-service bank in Brazil. It operates through Financial; and Insurance and Other segments. The company operates through its portfolios of commercial, rural, industrial, real estate, foreign exchange, leasing, investment, and credit card administration; and in the areas of insurance and distribution, intermediation, and administration of third-party resources. It also provides asset and fund management; administration and intermediation of securities, insurance, pension plans, and capitalization; investment funds; credit and debit cards; internet banking; checking, savings, special, trust check, young and university, easier, simplified, salary, and judicial accounts; capitalization bonds; car, life, home, personal accident, card financial protection, and business insurance; collections and agreement; transfer of funds and resources; collection; custody; credit and financing options; loans and guarantees; and other services. In addition, the company operates a public lottery service. Banestes S.A - Banco do Estado do Espírito Santo S.A. was founded in 1935 and is headquartered in Vitória, Brazil.",https://www.banestes.com.br,Financial Services,Serviços Financeiros,7.448819,1.3087991,0.18201,0.0365,3287389234.416231,9.460000038146973,Small Caps,70,1.2699999876687798,19.049999815031697,50.34,40.0,Baixo,,🟢,8.630000114440918,9.617611966391323
LEVE3,METAL LEVE,"MAHLE Metal Leve S.A., an automotive parts company, manufactures and sells components for internal combustion engines and automotive filters in South America, Europe, Central and North America, Africa, and internationally. It operates through Powertrain and Charging, and Thermal and Fluid Systems segments. The company offers drive systems and power electronics for electric powertrains; piston systems, cylinder components, valve trains, air conditioning, engine cooling, air management, engine cooling, oil management; and power electronics for traction drives for passenger cars, as well as electric drive and mechatronic systems for industrial applications, agricultural and construction machinery, commercial vehicles, industrial vehicles, electric transport vehicles, and the automotive industry, as well as industrial and special vehicles; and large and small engine equipment. It provides climatic wind tunnels, engine testing, engineering, module testing, thermal management, and transmission services. In addition, it provides Climatic wind tunnels; engine testing; module testing; industrial thermal management; transmissions; and engineering services. Further, the company offers pistons, piston rings, valves, connecting rods, bearings, bushings, thrust washers, cylinder liners, piston rings, camshafts, piston, pins, ring carriers, and mechanical compressors products, as well as fuelfilters, airfilters, oil filters, air conditioning filters, activated carbon filters, oil separators, valve covers, air intake systems, diesel pre-filters and intake manifolds, air conditioning, and radiators and condensers. Additionally, it exports its products. The company was founded in 1920 and is headquartered in Mogi Guaçu, Brazil. MAHLE Metal Leve S.A. operates as a subsidiary of Mahle Industria E Comercio Ltda.",https://www.mahle.com,Consumer Cyclical,Consumo Cíclico,7.462151,5.265673,0.81636,0.0761,5077290815.910339,37.459999084472656,Small Caps,60,5.020000142649573,75.30000213974358,50.25,46.0,Baixo,,🟢,35.689998626708984,4.959373846652585
CYRE3,CYRELA REALT,"Cyrela Brazil Realty S.A. Empreendimentos e Participações engages in the development and construction of residential properties in Brazil. It also provides real estate services, including construction management and technical consultancy services. Cyrela Brazil Realty S.A. Empreendimentos e Participações was founded in 1962 and is headquartered in São Paulo, Brazil.",https://www.cyrela.com.br,Consumer Cyclical,Consumo Cíclico,7.6212473,1.2876039,0.20593001,0.0827,11908803687.0,33.0,Mid Caps,100,4.329999893849396,64.94999840774095,49.19,54.0,Baixo,,🟢,29.0,13.793103448275861
SEER3,SER EDUCA,"Ser Educacional S.A., together with its subsidiaries, operates on-campus and distance-learning undergraduate, graduate, and professional training courses and other education-related areas in Brazil. It offers undergraduate, post graduate, on-campus and digital learning, and vocational courses. The company operates under the UNINASSAU  Centro Universitário Maurício de Nassau, UNINABUCO  Centro Universitário Nabuco, UNG  Universidade Guarulhos, UNAMA  University of the Amazon, UNIVERITAS  Universus Veritas University Center, UNINORTE - Northern University Center, University Center for Biomedical Sciences of Cacoal UNIFACIMED, UNIJUAZEIRO - Centro Universitário de Juazeiro do Norte, UNESC - Educational Society of Rondônia, UNIFASB - São Francisco de Barreiras University Center, UNI7 - 7 de Setembro University Center, CDMV - Center for the Development of Veterinary Medicine, FAEL University Center, UNINASSAU Colleges, UNINABUCO Colleges, and Joaquim Nabuco and Maurício de Nassau Technical Schools, GOKURSOS, BEDUKA, DELÍNEA, PROVA FÁCIL and Peixe 30, CDO, CDM, DOK, and PLANTÃO VETERINÁRIO brands. It is also involved in the investment business. The company was founded in 1993 and is headquartered in Recife, Brazil.",https://www.sereducacional.com,Consumer Defensive,Consumo Defensivo,7.6603775,1.3647059,0.19143999,0.025,2079377203.4938622,16.239999771118164,Small Caps,70,2.1199999309587763,31.799998964381643,48.93,30.0,Baixo,,🟢,13.479999542236328,20.474779841305192
CSED3,CRUZEIRO EDU,"Cruzeiro do Sul Educacional S.A. provides education services in Brazil. The company offers higher education; distance education under the Cruzeiro do Sul Virtual brand; and medical courses. It also operates schools under the Colégio Alto Padrão; Colégio Ceunsp Itu which provides infant, elementary, and highschool education services; Colégio Ceunsp Salto offers basic education, kidergarden, and highschool education services; and Colégio Cruzeiro do Sul that offers kindergarten, high school, and technical school services. The company was founded in 1965 and is headquartered in São Paulo, Brazil.",https://www.cruzeirodosuleducacional.com.br,Consumer Defensive,Consumo Defensivo,7.8588233,1.4531215,0.19259001,0.0727,2435144184.7821236,6.679999828338623,Small Caps,85,0.8500000029697351,12.750000044546027,47.61,42.0,Baixo,,🟢,6.559999942779541,1.8292665641127552
LAVV3,LAVVI,"Lavvi Empreendimentos Imobiliários S.A. develops and builds residential and non-residential properties primarily in Brazil. The company offers properties under the Lavvi and Novvo brand names. The company was incorporated in 2016 and is headquartered in São Paulo, Brazil.",https://www.lavvi.com.br,Real Estate,Imobiliário,8.141176,1.8652291,0.23990999,0.12,2701351461.4627686,13.84000015258789,Small Caps,60,1.700000117008635,25.500001755129524,45.73,42.0,Baixo,,🟢,17.790000915527344,-22.203488249918195
SANB4,SANTANDER BR,"Banco Santander (Brasil) S.A., together with its subsidiaries, provides various banking products and services to individuals, small and medium enterprises, and corporate customers in Brazil and internationally. It operates in two segments, Commercial Banking and Global Wholesale Banking. The company offers payment and loyalty products, including credit and debit cards; payroll and real estate loans; home equity financing solutions; microfinance programs; consortiums; agribusiness products, such as credit, securities and other products; call center and digital solutions; nonperforming assets; and insurance products comprising life, personal accident, vehicle, property, and credit insurance, as well as insurance for travel and banking transactions. It also provides emergency solutions for homes, cars, motorcycles, pets, and telemedicine; consumer finance; and corporate and investment banking services, which include cash management, structured trade and working capital solutions, trade and lending, mergers and acquisitions, equity capital markets, investment grade and emerging markets debt, and structured finance, as well as sales markets, market making, energy trading, equities, research, and private debt mobilization and securitization. In addition, the company offers cash management solutions, such as collections, payments, instant payments, and payroll and custody services; advance program, a non-financial platform to support entrepreneurs regarding educational content, certified courses, events focused on management, innovation, internationalization, and team development; customer funding through deposits and other bank funding instruments; and various investments. It offers its products and services through branches, mini-branches, and automated teller machines; call centers; banking correspondents and third-party vendors; and online and mobile banking platforms. The company was founded in 1970 and is headquartered in São Paulo, Brazil.",https://www.santander.com.br,Financial Services,Serviços Financeiros,8.163842,0.42505002,0.11151,0.0642,108194770007.61748,14.449999809265137,Blue Chips,80,1.7699999349895719,26.54999902484358,45.57,42.0,Baixo,,🟢,16.420000076293945,-11.997565516902513
EQPA3,EQTL PARA,"Equatorial Pará Distribuidora de Energia S.A. engages in the distribution of electricity in the state of Pará, Brazil. It serves residential, industrial, commercial, rural, public authority, public lighting service, and public service customers. The company was formerly known as Centrais Elétricas do Pará S.A. and changed its name to Equatorial Pará Distribuidora de Energia S.A. in December 2019. The company was founded in 1962 and is headquartered in Belém, Brazil. Equatorial Pará Distribuidora de Energia S.A. is a subsidiary of Equatorial Energia Distribuição S.A.",https://pa.equatorialenergia.com.br,Utilities,Utilidades Públicas,8.228572,2.4232225,0.31627,0.095,12724266785.936914,5.760000228881836,Mid Caps,75,0.6999999792043913,10.49999968806587,45.14,48.0,Baixo,,🟢,6.389999866485596,-9.85914946427456
ISAE3,ISA ENERGIA,"ISA Energía Brasil S.A. engages in the electric power transmission business in Brazil. As of December 31, 2025, it had a total installed transformation capacity of 84,910 MVA together with transmission lines of 23,000 kilometers. It operates in the states of Bahia, Espírito Santo, Minas Gerais, Rio de Janeiro, and São Paulo. ISA Energía Brasil S.A. was incorporated in 1999 and is headquartered in São Paulo, Brazil.",https://www.isacteep.com.br,Utilities,Utilidades Públicas,8.2336445,1.0478116,0.13186,0.0525,23286640260.253105,35.2400016784668,Mid Caps,80,4.280000390892125,64.20000586338188,45.11,30.0,Baixo,,🟢,32.0099983215332,10.090607704783174
SANB3,SANTANDER BR,"Banco Santander (Brasil) S.A., together with its subsidiaries, provides various banking products and services to individuals, small and medium enterprises, and corporate customers in Brazil and internationally. It operates in two segments, Commercial Banking and Global Wholesale Banking. The company offers payment and loyalty products, including credit and debit cards; payroll and real estate loans; home equity financing solutions; microfinance programs; consortiums; agribusiness products, such as credit, securities and other products; call center and digital solutions; nonperforming assets; and insurance products comprising life, personal accident, vehicle, property, and credit insurance, as well as insurance for travel and banking transactions. It also provides emergency solutions for homes, cars, motorcycles, pets, and telemedicine; consumer finance; and corporate and investment banking services, which include cash management, structured trade and working capital solutions, trade and lending, mergers and acquisitions, equity capital markets, investment grade and emerging markets debt, and structured finance, as well as sales markets, market making, energy trading, equities, research, and private debt mobilization and securitization. In addition, the company offers cash management solutions, such as collections, payments, instant payments, and payroll and custody services; advance program, a non-financial platform to support entrepreneurs regarding educational content, certified courses, events focused on management, innovation, internationalization, and team development; customer funding through deposits and other bank funding instruments; and various investments. It offers its products and services through branches, mini-branches, and automated teller machines; call centers; banking correspondents and third-party vendors; and online and mobile banking platforms. The company was founded in 1970 and is headquartered in São Paulo, Brazil.",https://www.santander.com.br,Financial Services,Serviços Financeiros,8.305085,0.43240383,0.11151,0.0574,110066651866.36748,14.699999809265137,Blue Chips,80,1.7699999228502943,26.549998842754412,44.63,36.0,Baixo,,🟢,15.960000038146973,-7.894738257332283
MILS3,MILLS,"Mills Locação, Serviços e Logística S.A. operates as a machinery and equipment rental company in Brazil. It rents, sells, imports, and exports steel and aluminum tubular structures, shoring and access equipment for civil construction works, and reusable concrete forms. The company also develops related engineering projects and provides supervisory and optional assembly services. Additionally, it sells, rents, and distributes elevating work platforms, related parts, new, and used cars. It also offers heavy machinery, backhoe, compact rollers, skid steer loaders, tugs, generators, compressors, crawler and agricultural tractors, excavators, wheel loaders, motor graders, forklifts, and pallet trucks. Further, it provides freight, maintenance, training, telemetry, remote operation, and consulting services and solutions. The company was formerly known as Mills Estruturas e Serviços de Engenharia S.A. and changed its name to Mills Locação, Serviços e Logística S.A. in July 2022. Mills Locação, Serviços e Logística S.A. was founded in 1952 and is based in Rio de Janeiro, Brazil.",https://www.mills.com.br,Industrials,Indústria,8.387435,1.9352502,0.26255,0.0576,3650652330.5756035,16.020000457763672,Small Caps,60,1.9099999532352467,28.6499992985287,44.08,36.0,Baixo,,🟢,15.119999885559082,5.952384781855513
CLSC4,CELESC EJ,"Centrais Elétricas de Santa Catarina S.A., through its subsidiaries, engages in the generation, transmission, and sale of electrical energy in Brazil. The company primarily owns hydroelectric plants. Centrais Elétricas de Santa Catarina S.A. was founded in 1955 and is based in Florianópolis, Brazil.",https://www.celesc.com.br,Utilities,Utilidades Públicas,8.397569,1.7014385,0.21595,0.0473,7193987225.5299225,186.50999450683594,Small Caps,45,22.20999845393779,333.14997680906686,44.02,36.0,Baixo,,🟢,147.75,26.233498820193528
BBSE3,BBSEGURIDADE,"BB Seguridade Participações S.A., through its subsidiaries operates in the insurance, pension plans, and bonds, businesses in Brazil. The company operates through two segments, Insurance and Brokerage. The Insurance segment offers insurance products and services, including life, property and vehicle insurance, property insurance, rural, special risks and financial, transport, hulls, and housing people, as well as supplementary pension, dental, and capitalization plans. Its Brokerage segment engages in the brokerage and administration, implementation, promotion, and viability of insurance businesses in the basic, life, and capitalization sectors, as well as open pension plans and dental plans. The company was founded in 1981 and is headquartered in Brasília, Brazil. BB Seguridade Participações S.A. operates as a subsidiary of Banco do Brasil S.A.",https://www.bbseguridaderi.com.br,Financial Services,Serviços Financeiros,8.515856,7.180035,0.85944,0.114,78193488982.63184,40.279998779296875,Blue Chips,75,4.729999988174633,70.9499998226195,43.23,48.0,Baixo,,🟢,34.849998474121094,15.581063250857788
VBBR3,VIBRA,"Vibra Energia S.A. manufactures, processes, distributes, trades in, transports, imports, and exports oil-based products, lubricants, and other fuels. It operates in Gas Station Network, B2B, and Renewable segments. The company markets petroleum-derived fuels, lubricants, vehicular natural gas, biofuels, and convenience products. It also sells fuels and lubricants, and provides associated services to its consumer's market, as well as markets aviation products and services at Brazil's airport facilities. The company was incorporated in 1971 and is based in Rio de Janeiro, Brazil.",https://www.vibraenergia.com.br,Consumer Cyclical,Consumo Cíclico,8.732557,1.9088043,0.22621,0.0527,44917799114.86187,37.54999923706055,Mid Caps,75,4.300000473751337,64.50000710627005,41.78,42.0,Baixo,,🟢,37.54999923706055,0.0
CURY3,CURY S/A,"Cury Construtora e Incorporadora S.A. operates in real estate businesses in Brazil. The company engages in selling real estate units; credit analysis services; residential real estate developments; rental of own properties; and provision of services relating to construction, supervision, studies, and projects, in addition to the execution of any construction works and civil engineering. It also provides construction, management, real estate administration, and electrical and hydraulic installation services. The company was founded in 1963 and is headquartered in São Paulo, Brazil.",https://cury.net,Real Estate,Imobiliário,8.841096,6.0059557,0.68527,0.1334,9940695999.392998,32.27000045776367,Small Caps,60,3.650000006533542,54.75000009800313,41.06,42.0,Baixo,,🟢,36.77999877929688,-12.262094810269124
LREN3,LOJAS RENNER EJ,"Lojas Renner S.A., together with its subsidiaries, operates as a fashion and lifestyle company in Brazil, Argentina, and Uruguay. It operates through Retail and Financial Products segments. The company trades clothes and sports products, shoes, accessories, perfumery, domestic appliances, furniture, watches, home and decoration articles, urban deliveries and logistics management solutions, as well as cosmetics. It is also involved in granting loans to individuals and legal entities, financing of purchases, insurance, and practice of receivables and payables inherent to credit, financing, and investment companies, sales intermediation commissions, as well as providing personal loans. It offers its products through stores, as well as digital channels under Renner, Youcom, Camicado, realize, Ashua, Uello, realize, and repassa brand names. Lojas Renner S.A. was incorporated in 1965 and is headquartered in Porto Alegre, Brazil.",https://www.lojasrennersa.com.br/en/,Consumer Cyclical,Consumo Cíclico,8.89404,1.2452481,0.14456001,0.06849999999999999,12729742495.963516,13.430000305175781,Mid Caps,80,1.5099999893384537,22.649999840076806,40.71,36.0,Baixo,,🟢,15.470000267028809,-13.186812712607876
KEPL3,KEPLER WEBER,"Kepler Weber S.A. provides grain storage equipment and post-harvest grain solutions in Brazil, the Americas, Africa, Europe, and Asia. It operates through five segments: Farms, Agroindustry, Ports and Terminals, Replacement and Services, and International Business. The company offers grain storage and preservation systems, such as silos, dryers and conveyors, and cleaning machines. It also provides equipment for agricultural commodities, such as corn ethanol, soybean oil, animal feed, wheat mills, rice industries, cooperative complexes, cereal producers, and seedbeds; industrial equipment; and port terminals. In addition, the company offers spare parts and technical assistance services; technical engineering and data processing services; engineering risk insurance services; and grain temperature and moisture monitoring services in the processing and storage process. Additionally, it imports and exports raw materials and finished and semifinished goods. The company was founded in 1925 and is headquartered in São Paulo, Brazil.",https://www.kepler.com.br,Industrials,Indústria,9.025,1.5682015,0.18312,0.04,1250920203.8690982,7.21999979019165,Small Caps,45,0.7999999767525374,11.99999965128806,39.83,30.0,Baixo,,🟢,8.369999885559082,-13.739547324863748
EGIE3,ENGIE BRASIL,"Engie Brasil Energia S.A., together with its subsidiaries, engages in the generation, commercialization, trading, and transmission activities in Brazil. The company also engages in the gas transportation business. As of December 31, 2025, it operates a generating park of 12,384.5 MW comprising 133 plants, including 13 hydroelectric plants and 120 complementary plants, as well as one biomass plant, 88 wind plant, two hydroelectric plants, and 29 solar plants. The company was founded in 2005 and is based in Florianópolis, Brazil. Engie Brasil Energia S.A. is a subsidiary of ENGIE Brasil Participações Ltda.",https://www.engie.com.br,Utilities,Utilidades Públicas,9.09593,2.3807352,0.2859,0.035699999999999996,44318579057.53601,31.290000915527344,Mid Caps,60,3.4400001886038423,51.60000282905764,39.36,42.0,Baixo,,🟢,33.060001373291016,-5.353903158617667
BMEB4,MERCANTIL,"Banco Mercantil do Brasil S.A., together with its subsidiaries, provides financial services to individuals and corporate clients in Brazil. It operates through Financial, Insurance and Business Intermediation, Marketplace, and Other segments. The company offers Current Account, Loans, Cards, Investments, Card receivables, Overdraft, private pension, benefit transfer, special limit, and capital market products. It also provides internet, WhatsApp, Mercantile app, and self-service banking services. In addition, the company engages in real estate, securitization, and technology activities. The company was formerly known as Banco Industrial de Minas Gerais and changed its name to Banco Mercantil do Brasil S.A. in 1974. Banco Mercantil do Brasil S.A. was founded in 1940 and is headquartered in Belo Horizonte, Brazil.",https://bancomercantil.com.br,Financial Services,Serviços Financeiros,9.219603,2.9208755,0.32414,0.0466,9168376861.83899,74.30999755859375,Small Caps,45,8.059999715670378,120.89999573505567,38.54,36.0,Baixo,,🟢,87.25,-14.830948356912607
PSSA3,PORTO SEGURO EJ,"Porto Seguro S.A., together with its subsidiaries, provides a range of insurance products and services in Brazil and Uruguay. It offers auto, residential, travel, cell phone, life, motorcycle, notebook and tablet, photo and video, smart and games, bike, real estate, green card, bail, and moving insurance products, as well as reinsurance, combined protection, professional civil liability, machines and equipment, events, agribusiness, and taxi insurance. The company also engages in the management and market of capitalization bonds; granting loans and financing for consumption and working capital; operation of credit cards; management of consortium groups for the acquisition of movable and immovable properties; distribution of investment fund units; maintenance, development and licensing of programs; installation of heating systems, natural gas and liquefied petroleum gas; operation of oncology, hematology, and radiotherapy centers; sale and distribution of automotive parts; and administration and management of securities portfolios, investment funds, and financial resources. In addition, it provides technical insurance brokerage services; services for obtaining credit and consumer financing; technical support for software and other information technology services; intermediation and agency services for services and businesses; debt collection and credit information services; administrative advisory services to physicians and health insurance companies; consulting and advisory services in occupational health, workplace safety, ergonomics, and outpatient services; electronic protection and monitoring related services; and telemarketing and general customer services. The company was founded in 1945 and is based in São Paulo, Brazil. Porto Seguro S.A. operates as a subsidiary of Porto Seguro Itaú Unibanco Participações S.A.",https://www.portoseguro.com.br,Financial Services,Serviços Financeiros,9.269367,2.0927737,0.24169001,0.039599999999999996,33748246784.026665,52.650001525878906,Mid Caps,60,5.679999672672244,85.19999509008366,38.2,42.0,Baixo,,🟢,50.470001220703125,4.319398162173079
TAEE3,TAESA,"Transmissora Aliança de Energia Elétrica S.A., together with its subsidiaries, engages in the construction, operation, and maintenance of electric power transmission lines in Brazil. It operates approximately a total length of 15,319 kilometers (km) of transmission lines, which include 14,677 km of transmission lines in operation and 642 km of lines under construction; 113 substations with voltage between 230 and 525KV; and one system operation center located in Rio de Janeiro. The company was founded in 2000 is headquartered in Rio De Janeiro, Brazil.",https://institucional.taesa.com.br/,Utilities,Utilidades Públicas,9.299363,0.62318593,0.20858999,0.06860000000000001,15089052520.847712,14.600000381469727,Mid Caps,100,1.5700000506991423,23.550000760487134,38.0,60.0,Baixo,,🟢,14.270000457763672,2.3125431893487884
BLAU3,BLAU EJ,"Blau Farmacêutica S.A., a pharmaceutical company provides drug products in Brazil, Argentina, Chile, Colombia, Uruguay, Ecuador, Peru, and the United States. Its products cover various areas, such as immunology, hematology, oncology, nephrology, infectology, and anesthesiology. The company offers uterine stimulator, antirheumatic, anaesthetics, antibiotics, feminine health care, biopharmaceuticals, oncologicals, hospital products, antivirals and antiretrovirals, biológicos, acid pump inhibitor, hemoderivatives, antithrombotic, and thrombolytics products. Blau Farmacêutica S.A. was incorporated in 1987 and is headquartered in Cotia, Brazil.",https://www.blau.com,Healthcare,Saúde,9.3515625,1.1846794,0.10276,0.0552,2764890056.819639,11.970000267028809,Small Caps,65,1.280000028554459,19.200000428316887,37.66,24.0,Baixo,,🟢,10.699999809265137,11.869163368245836
TAEE4,TAESA,"Transmissora Aliança de Energia Elétrica S.A., together with its subsidiaries, engages in the construction, operation, and maintenance of electric power transmission lines in Brazil. It operates approximately a total length of 15,319 kilometers (km) of transmission lines, which include 14,677 km of transmission lines in operation and 642 km of lines under construction; 113 substations with voltage between 230 and 525KV; and one system operation center located in Rio de Janeiro. The company was founded in 2000 is headquartered in Rio De Janeiro, Brazil.",https://institucional.taesa.com.br/,Utilities,Utilidades Públicas,9.512821,0.6334301,0.20858999,0.0675,15337091497.339085,14.84000015258789,Mid Caps,100,1.5599999361480563,23.399999042220845,36.58,60.0,Baixo,,🟢,14.5600004196167,1.923075033665161
EZTC3,EZTEC,"EZTEC Empreendimentos e Participações S.A. engages in engineering, construction, and real estate development activities in Brazil and internationally. The company develops and sells real estate properties; manages and leases properties; constructs condominiums; and subdivides land. It also engages in the provision of services related to construction, supervision, studies, and projects; and execution of civil engineering works and services. EZTEC Empreendimentos e Participações S.A. was founded in 1979 and is headquartered in São Paulo, Brazil.",https://www.eztec.com.br,Real Estate,Imobiliário,9.55615,0.94725686,0.10551,0.0212,4956406045.258959,17.8700008392334,Small Caps,50,1.8700000354989612,28.050000532484418,36.29,24.0,Médio,,🟡,14.9399995803833,19.61178943202437
CPFE3,CPFL ENERGIA,"CPFL Energia S.A., through its subsidiaries, operates as an energy company in Brazil. It operates through Distribution, Generation, Transmission, Commercialization, and Services segments. The company generates electricity through hydroelectric, solar, wind, and biomass sources. It also engages in operation and maintenance of electric energy transmission facilities; and commercialization of electricity. As of December 31, 2025, the company's distribution network consisted of 349,342 kilometers of distribution lines, as well as 12,154 kilometers of high voltage distribution lines; and 596 high voltage and medium voltage transformer substations with a total transformation capacity of 20,637 MVA. It serves residential, commercial, and industrial sectors. The company was founded in 1912 and is based in Campinas, Brazil. CPFL Energia S.A. operates as a subsidiary of State Grid Brazil Power Participações S.A.",https://www.cpfl.com.br,Utilities,Utilidades Públicas,9.614203,2.540705,0.27276,0.0745,57716425075.420074,50.09000015258789,Blue Chips,75,5.210000262381384,78.15000393572076,35.91,48.0,Baixo,,🟢,49.869998931884766,0.4411494393725875
INTB3,INTELBRAS,"Intelbras S.A. - Indústria de Telecomunicação Eletrônica Brasileira engages in the manufacturing, developing, and sale of electronic security equipment and electronic surveillance and monitoring services in Brazil. The company operates through three segments, Security, Information and Communication Technology (ICT), and Energy. It offers electronic safety products and solutions, including It offers electronic safety products and solutions, including alarms, storage, cameras, condominium communication, corporate access control, locks, digital video recorders, fire and intercom products, vehicle monitoring, sensors, emergency signaling, software and application products, and accessories; and networks products and solutions comprise 5G and corporate Wi-Fi products, racks, routers, switches, outdoor radios, optical fiber and passive products, PoE injectors, USB adapters, software and apps, and cables. The company also provides communication related products and solutions, such as webcams, projectors, wireless mouse and keyboards, cloud solutions, antennas and converters, phone centrals, appliance and conference products, gateways, headsets, radio communicators, smart boxes and controls, smart speakers, software and applications, and phones; and energy related products and solutions that includes electric vehicle chargers, UPS, batteries, smart, fonts, electronic protectors, surge protectors, USB accessories, and illumination presence sensors. In addition, it offers on grid solutions, which includes solar panels, attachment structures, on grid inverters, string boxes, and accessories; and off grid solutions, such as illumination products, mounting structures, outdoor cabinets, solar drive and panels, solar bomb, and off grid generators and inverters. Intelbras S.A. - Indústria de Telecomunicação Eletrônica Brasileira was incorporated in 1974 and is headquartered in São José, Brazil.",https://www.intelbras.com,Industrials,Indústria,10.062147,1.7645892,0.18591,0.0709,5827629694.350414,17.809999465942383,Small Caps,35,1.7699999280414391,26.549998920621587,32.92,36.0,Baixo,,🟢,13.970000267028809,27.48746689702304
FIQE3,UNIFIQUE,"Unifique Telecomunicações S.A. provides telecommunications services in Brazil. The company offers data storage, data hosting, and internet services. It also provides SCM multimedia communications services; access to communication networks, portals, content providers, and internet information services; satellite, cable, and microwave pay-TV; and internet hosting and switched fixed-line switched telephone services. In addition, the company engages in the retail trade of internet hosting, and fixed switched telephone; computer and mobile phone equipment and supplies; book publishing and book retailing; and health plans. Unifique Telecomunicações S.A. was incorporated in 1997 and is headquartered in Timbó, Brazil.",https://unifique.com.br,Communication Services,Comunicação,10.133333,1.9474696,0.18125999,0.11220000000000001,2367817629.807804,6.079999923706055,Small Caps,35,0.6000000122078347,9.000000183117521,32.44,36.0,Baixo,,🟢,5.510000228881836,10.344821617909277
HYPE3,HYPERA EJ,"Hypera S.A. operates as a pharmaceutical company in Brazil. The company provides sweeteners products under the Adocyl, finn, and Zero-cal brands; analgesics and anti-inflammatories products under the Doril, Atroveran, Calminex, Alivium, Buscopan, Buscofem, geloll, Torsilax, Neosaldina, and naprohax brands; cold and flu remedies and decongestants products under BENEGRIO, Rinosoro, Blu, Neosoro, Coristina, APRACUR, and Fluviral brands. It offers antihistamines products under Alektos, Histamin, Polaramine, PredSim, and Desrinite brands; antiseptics products under Merthiolate brand; Herbal medicine products under Maracugina, Eparema, Tamarine, and Naturetti brands; gastrointestinal products under Dramin, Estomazil, Engov, Lacto-purga, gastrol, Epocler, Bifilax, and Pepsamar brands. In addition, the company provides generics products under neo quimica brand; skicare products under episol, epidrat, simple organic, and bioage brands; supplements and vitamins products Addera, Biotonico Fontoura, Colflex, and Vitasay brands; and other products under Nebacetin, Cepacol, ESCABIN, Mirrorelax, Ammy, Nesina, and Diprospan brands. The company was formerly known as Hypermarcas S.A. and changed its name to Hypera S.A. in February 2018. Hypera S.A. was founded in 1999 and is headquartered in São Paulo, Brazil.",https://www.hypera.com.br,Healthcare,Saúde,10.309434,1.3327479,0.13163,0.0385,19233169275.757484,27.31999969482422,Mid Caps,40,2.6499999606985427,39.74999941047814,31.27,30.0,Baixo,,🟢,27.31999969482422,0.0
TIMS3,TIM EJ,"TIM S.A. engages in the telecommunications sector in Brazil. It offers landline switched telephone services in local, national, and international long-distance modes, as well as personal mobile and multimedia communication services. The company is based in Rio de Janeiro, Brazil. TIM S.A. is a subsidiary of TIM Brasil Serviços e Participações S.A.",https://www.tim.com.br,Communication Services,Comunicação,10.638889,1.8732271,0.17254,0.0873,45486329416.5582,19.149999618530273,Mid Caps,50,1.7999999453448825,26.999999180173237,29.07,38.0,Baixo,,🟢,27.26000022888184,-29.750552245993966
PGMN3,PAGUE MENOS,"Empreendimentos Pague Menos S.A. engages in the retail sale of medicines, perfumeries, and personal hygiene and beauty products in Brazil. The company offers medicines and health care products; personal hygiene products, including deodorant, intimate care, and oral hygiene; foot, hair, face, and hand care products; dermo and beauty products; and repellent, diaper, cloth, and food products, as well as other accessories for moms and babies. The company also offers vaccines, clinical analysis tests, and basic health services; clothing and accessories, supplements, first aid, food and drinks, chocolates, ice creams, popsicles, toys, pet and home products, laptop accessories, utilities, and others; and cereals, fibers, vitamins and minerals, first aid, and herbal medicines and natural products. It sells its products through retail stores and online. Empreendimentos Pague Menos S.A. was incorporated in 1981 and is based in Fortaleza, Brazil.",https://www.paguemenos.com.br,Healthcare,Saúde,10.787234,1.0682681,0.10585,0.0506,3644645181.611339,5.070000171661377,Small Caps,40,0.47000001776742556,7.0500002665113835,28.09,20.0,Baixo,,🟢,5.070000171661377,0.0
CMIG3,CEMIG EJ,"Companhia Energética de Minas Gerais - CEMIG, through its subsidiaries, engages in the generation, transmission, distribution, and sale of energy in Brazil. As of December 31, 2025, the company operated 32 hydro plants with a total capacity of 4,434 M, 2 wind farms with a total capacity of 71 MW, and 12 photovoltaic power stations with a total capacity of 169 MW; 365,577 miles of distribution lines; and 4,865 miles of transmission lines. It is also involved in the acquisition, transportation, and distribution of gas and its sub products and derivatives; sale and trading of energy; construction, implementation, operation and maintenance of electricity transmission; marketing and intermediation of energy-related business; installation, operation, maintenance and rental of solar plants; and distributed generation, account services, cogeneration, energy efficiency, and supply and storage management activities. The company was incorporated in 1952 and is headquartered in Belo Horizonte, Brazil.",https://www.cemig.com.br,Utilities,Utilidades Públicas,11.049382,1.7547299,0.15944,0.0701,51206204614.43646,17.899999618530273,Blue Chips,50,1.620000070459169,24.300001056887535,26.34,38.0,Baixo,,🟢,15.520000457763672,15.335045686651632
ALPA3,ALPARGATAS,"Alpargatas S.A. manufactures and sells footwear and accessories in Brazil and internationally. The company offers its products under the Havaianas, ioasys, and Rothys brands. The company was formerly known as São Paulo Alpargatas S.A. and changed its name to Alpargatas S.A. in 2010. The company was founded in 1907 and is headquartered in São Paulo, Brazil.",https://www.alpargatas.com.br,Consumer Cyclical,Consumo Cíclico,11.16,2.0942016,0.18084998,0.0441,7581339436.342239,11.15999984741211,Small Caps,20,0.99999998632725,14.99999979490875,25.6,26.0,Baixo,,🟢,11.020000457763672,1.270411831515006
VIVA3,VIVARA S.A.,"Vivara Participações S.A. engages in the manufacture and sale of jewelry and other articles in Latin America. The company offers jewelry products, including rings, necklaces, alliances, toys, solitaires, earrings, chains, currents, pendants, and bracelets. It also provides watches; accessories, such as sunglasses, wallets and card holders, passport and watch holders, jewelry box, perfumes, cuff links, keychains, pens, and knives; and gift products comprising giftable kits, quiz, graduation, infantile, mother/grandmother, and customizable products. The company sells its products under the Vivara, Tag Heuer, Victorinox, Movado, Baume and Mercier, Bulova, Akium, Lacoste, Calvin Klein, Hugo Boss, Tommy Hilfiger, Olivia Burton, Festina, Adidas, Life By Vivara, Guess. Nautica, Porsche Design, Montblanc, and Festina brands. It offers its products through stores and kiosks, as well as through e-commerce. Vivara Participações S.A. was founded in 1962 and is headquartered in São Paulo, Brazil.",https://www.vivara.com.br,Consumer Cyclical,Consumo Cíclico,11.277108,2.073549,0.19703,0.0248,6602592242.220619,28.079999923706055,Small Caps,20,2.490000089003852,37.35000133505778,24.82,20.0,Médio,,🟡,29.670000076293945,-5.358948933263691
TGMA3,TEGMA,"Tegma Gestão Logística S.A., together with its subsidiaries, provides logistics services in Brazil. It operates in Automotive Logistics and Integrated Logistics segments. The Automotive Logistics segment engages in the transportation and distribution of new and used vehicles; port transfers; and yard and stock management for automakers, as well as vehicle pre-delivery services. The Integrated Logistics segment provides transportation, warehousing, and inventory management services for chemicals, household appliances, and consumer goods. The company also offers automotive logistic and center, yard management, vehicle transport and storage, integrated logistics, chemical supply chain management, packaging management, intralogistics, and special project services. It serves foods and drinks, automotive, cosmetics, home appliances, pharmaceutical, and chemical and petrochemical industries. The company was founded in 1969 and is headquartered in São Bernardo do Campo, Brazil.",https://www.tegma.com.br,Industrials,Indústria,11.464935,2.927638,0.25561002,0.08220000000000001,2910493259.974777,44.13999938964844,Small Caps,35,3.8499999685692448,57.74999952853867,23.57,38.0,Baixo,,🟢,36.84999847412109,19.78290696713855
CEBR5,CEB A,"Companhia Energética de Brasília - CEB, through its subsidiaries, generates and distributes electrical energy and gas in Brazil. The company operates through Power Generation, Commercialization of Electric Energy, Public Lighting, and Others segments. The company produces electrical energy from hydraulic power plants; distributes piped gas; public lighting services; and provides maintenance and expansion services. It is also involved in the provision of services for the preparation of studies; engineering projects; execution of works for the implementation, expansion, renovation, or maintenance of overhead and underground electricity transmission and distribution networks; and installation of public lighting systems and electrical building. The company was formerly known as Companhia de Eletricidade de Brasília and changed its name to Companhia Energética de Brasília  CEB in 1992. Companhia Energética de Brasília  CEB was founded in 1968 and is headquartered in Brasília, Brazil.",https://www.ceb.com.br,Utilities,Utilidades Públicas,11.63084,1.8877511,0.15949,0.1316,1794118820.3546906,24.889999389648438,Small Caps,35,2.1400001538709534,32.100002308064305,22.46,32.0,Baixo,,🟢,30.06999969482422,-17.226472756058545
UGPA3,ULTRAPAR,"Ultrapar Participações S.A., through its subsidiaries, operates in the energy, mobility, and logistics infrastructure sectors in Brazil, the rest of Europe, the United States, Canada, other Latin American countries, Oceania, and internationally. It operates through Ultragaz, Ipiranga, Ultracargo, and Hidrovias segments. The company distributes and sells oil-related products, biofuels, gasoline, ethanol, diesel, fuel oil, kerosene, natural gas for vehicles, and additive fuels under the Ipimax brand to carriers, resellers, and retailers; operates service stations under the Ipiranga brand and convenience stores under the AmPm brand; and produces and sells lubricants under the ICONIC brand. It also engages in the distribution of bulk and bottled liquefied petroleum gas for the residential, condominium, trade, services, industrial, and agribusiness sectors; operation of a natural gas pipeline network; and provision of renewable electricity for businesses and households, as well as compressed natural gas and biomethane for corporate clients. In addition, the company operates liquid bulk storage terminals in logistics centers; waterway and multimodal infrastructure; and port operations. Further, the company offers logistics solutions for handling grains, ores, and fertilizers; automotive services through Jet Oil units; and loyalty programs under the Km de Vantagens (KMV) brand. It also exports its products and services. Ultrapar Participações S.A. was founded in 1937 and is headquartered in São Paulo, Brazil.",https://www.ultra.com.br,Energy,Energia,11.807927,2.51314,0.19804001,0.0516,41271463119.177864,38.72999954223633,Mid Caps,50,3.2799999138067446,49.199998707101166,21.28,32.0,Baixo,,🟢,27.229999542236328,42.23283214589263
CEBR3,CEB,"Companhia Energética de Brasília - CEB, through its subsidiaries, generates and distributes electrical energy and gas in Brazil. The company operates through Power Generation, Commercialization of Electric Energy, Public Lighting, and Others segments. The company produces electrical energy from hydraulic power plants; distributes piped gas; public lighting services; and provides maintenance and expansion services. It is also involved in the provision of services for the preparation of studies; engineering projects; execution of works for the implementation, expansion, renovation, or maintenance of overhead and underground electricity transmission and distribution networks; and installation of public lighting systems and electrical building. The company was formerly known as Companhia de Eletricidade de Brasília and changed its name to Companhia Energética de Brasília  CEB in 1992. Companhia Energética de Brasília  CEB was founded in 1968 and is headquartered in Brasília, Brazil.",https://www.ceb.com.br,Utilities,Utilidades Públicas,11.822429,1.9188471,0.15949,0.1295,1823672394.5058632,25.299999237060547,Small Caps,35,2.1400000995616506,32.100001493424756,21.18,32.0,Baixo,,🟢,31.520000457763672,-19.733506124271265
BEEF3,MINERVA,"Minerva S.A. produces and sells fresh beef, livestock, and by-products in South America and internationally. The company is also involved in slaughtering, deboning, and meat processing; selling chilled, frozen, and processed meat, as well as beef, pork, and poultry products; exporting and selling live cattle; and breeding and selling live cattle, lambs, pigs, and other live animals. In addition, it trades in electricity; trades in proteins and food products; sells third parties' brands primarily Swift products; and prepares products for animals, which include meat/bone meal, blood, and tallow. Minerva S.A. was founded in 1957 and is headquartered in Barretos, Brazil.",https://ri.minervafoods.com,Consumer Defensive,Consumo Defensivo,12.105263,2.8876333,0.2322,0.0271,4561899683.222464,4.599999904632568,Small Caps,20,0.37999999707834253,5.699999956175138,19.3,26.0,Médio,,🟡,4.099999904632568,12.195122234882314
REDE3,REDE ENERGIA,"Rede Energia Participações S.A. engages in the generation, distribution, and commercialization of electricity in Brazil. The company is involved in the construction, operation, maintenance, and services related to generation and distribution of electric energy. It offers its electricity to residential, industrial, commercial, rural, government, and public sector customers. The company was incorporated in 1929 and is based in Cataguases, Brazil.",https://www.energisa.com.br,Utilities,Utilidades Públicas,12.155556,2.1810207,0.19532,0.0319,13945348576.908524,5.429999828338623,Mid Caps,35,0.4467092931280661,6.700639396920992,18.96,32.0,Baixo,,🟢,6.289999961853027,-13.672498231002361
MOTV3,MOTIVA SA,"Motiva Infraestrutura de Mobilidade S.A. provides infrastructure services for highway, rail, and airport concessions in Brazil. It manages and maintains 36 concessions on highways, airports, and rails. The company was formerly known as CCR S.A. and changed its name to Motiva Infraestrutura de Mobilidade S.A. in April 2025. Motiva Infraestrutura de Mobilidade S.A. was incorporated in 1998 and is based in São Paulo, Brazil.",https://www.motiva.com.br,Industrials,Indústria,12.26708,2.2371998,0.21971,0.0397,39696302794.5,19.75,Mid Caps,35,1.6100000978227909,24.150001467341863,18.22,38.0,Baixo,,🟢,16.200000762939453,21.91357450539038
MOVI3,MOVIDA,"Movida Participações S.A. provides car rental services in Brazil. It operates in two segments, Rent-a-Car, and Fleet Management and Outsourcing (GTF). The company offers light vehicle rental services; and fleet management and outsourcing services. It also sells pre-owned cars. The company was formerly known as H.L.C.S.P.E Empreendimentos e Participações S.A. and changed its name to Movida Participações S.A. in December 2014. The company was founded in 2006 and is based in São Paulo, Brazil. Movida Participações S.A. operates as a subsidiary of Simpar S.A.",https://ri.movida.com.br,Industrials,Indústria,12.627119,1.5315037,0.13204001,0.0493,6317087710.369947,14.899999618530273,Small Caps,0,1.1799999365279026,17.69999904791854,15.82,14.0,Baixo,,🟢,12.93000030517578,15.23587986742675
CMIN3,CSINERACAO,"CSN Mineração S.A. engages in the iron ore mining business in Brazil, Asia, and Europe. The company operates Casa de Pedra, Engenho, and Pires mines. It also operates a hydroelectric power plant. The company was founded in 1913 and is based in São Paulo, Brazil. CSN Mineração S.A. operates as a subsidiary of Companhia Siderúrgica Nacional.",https://ri.csnmineracao.com.br,Basic Materials,Materiais Básicos,12.743589,3.6571007,0.28136,0.0776,26696312810.876183,4.96999979019165,Mid Caps,50,0.3900000062927053,5.850000094390579,15.04,44.0,Baixo,,🟢,5.269999980926514,-5.692603260353723
CEBR6,CEB B,"Companhia Energética de Brasília - CEB, through its subsidiaries, generates and distributes electrical energy and gas in Brazil. The company operates through Power Generation, Commercialization of Electric Energy, Public Lighting, and Others segments. The company produces electrical energy from hydraulic power plants; distributes piped gas; public lighting services; and provides maintenance and expansion services. It is also involved in the provision of services for the preparation of studies; engineering projects; execution of works for the implementation, expansion, renovation, or maintenance of overhead and underground electricity transmission and distribution networks; and installation of public lighting systems and electrical building. The company was formerly known as Companhia de Eletricidade de Brasília and changed its name to Companhia Energética de Brasília  CEB in 1992. Companhia Energética de Brasília  CEB was founded in 1968 and is headquartered in Brasília, Brazil.",https://www.ceb.com.br,Utilities,Utilidades Públicas,13.271028,2.1539629,0.15949,0.12689999999999999,2047126358.5029316,28.399999618530273,Small Caps,35,2.1399999772836193,32.09999965925429,11.53,28.0,Baixo,,🟢,31.200000762939453,-8.974362422885346
SBSP3,SABESP,"Companhia de Saneamento Básico do Estado de São Paulo - SABESP provides basic and environmental sanitation services in the São Paulo State, Brazil. It supplies treated water and sewage services on a wholesale basis. Companhia de Saneamento Básico do Estado de São Paulo - SABESP was founded in 1954 and is headquartered in São Paulo, Brazil.",https://www.sabesp.com.br,Utilities,Utilidades Públicas,13.638298,2.499805,0.18792,0.0217,112706810434.70229,32.04999923706055,Blue Chips,35,2.3499999220621626,35.24999883093244,9.08,22.0,Médio,,🟡,149.4199981689453,-78.55039510787408
SAUD3,BRADSAUDE EJ,"Bradsaúde S.A. provides private dental care plans in Brazil. The company operates through Corporate, Small and Medium-Sized Enterprise (SME), Individual, and Other segments. The company manages and sells dental care plans to corporations and/or individuals. It is also involved in commercial advisory, consulting, and business management services; develops and licenses software programs; wholesale and retail trade of products and equipment, sanitizers, drugs, medicines, pharmaceutical inputs, and related items; provision of storage, loading, organization, tidying, custody of goods, technical, and administrative programming services, as well as general management of assets and business. In addition, the company engages in integrating technologies to develop dental solutions; and provide specialized services related to accidents and illnesses, besides actuarial, financial, administrative, and commercial and risk management services. The company was formerly known as Odontoprev S.A. and changed its name to Bradsaúde S.A. in April 2026. Bradsaúde S.A. was founded in 1987 and is headquartered in Barueri, Brazil. Bradsaúde S.A. operates as a subsidiary of Bradesco Saúde S.A.",https://www.bradescori.com.br/en/bradesco/bradsaude/,Healthcare,Saúde,13.681416,2.4160025,0.10538,0.0264,45196809686.78144,15.460000038146973,Mid Caps,15,1.1299999969408847,16.94999995411327,8.79,10.0,Médio,,🟡,15.460000038146973,0.0
AXIA3,AXIA ENERGIA,"AXIA Energia SA, through its subsidiaries, engages in the generation, transmission, distribution, and commercialization of electricity in Brazil. The company generates electricity through hydroelectric, wind farms, and solar power plants. It also owns hydroelectric plants with a total capacity of 43,072.7 MW; 798.7 MW wind power plants; and 67,030.74 km of transmission lines. The company was formerly known as Centrais Elétricas Brasileiras S.A. - Eletrobrás. AXIA Energia SA was incorporated in 1962 and is headquartered in Rio de Janeiro, Brazil.",https://axia.com.br,Utilities,Utilidades Públicas,13.923255,1.4043112,0.10005999,0.0316,137361415867.3133,59.869998931884766,Blue Chips,40,4.300000174663523,64.50000261995284,7.18,22.0,Baixo,,🟢,59.869998931884766,0.0
CXSE3,CAIXA SEGURI,"Caixa Seguridade Participações S.A., together with its subsidiaries, provides insurance products in Brazil and internationally. The company operates in three segments: Run-Off/Open Sea, Security, and Distribution. It offers life, home and housing, personal accident, and debt-free insurance products for individuals; and life, home and housing, car, and lender's insurance products for businesses. The company also provides social security, including private and corporate pension plans; capitalization; consortium; and brokerage and intermediation of security products. In addition, it engages in the acquisition of equity interests or holding; administration, marketing, and provision of private health and dental plans; structuring, administration, and marketing of credit letters; and reinsurance and retrocession transactions. The company was incorporated in 2015 and is headquartered in Brasília, Brazil. Caixa Seguridade Participações S.A. operates as a subsidiary of Caixa Econômica Federal.",https://www.caixaseguridade.com.br,Financial Services,Serviços Financeiros,14.114095,4.5737276,0.33348998,0.0666,63090002059.93652,21.030000686645508,Blue Chips,50,1.4899999388303329,22.349999082454993,5.91,40.0,Baixo,,🟢,18.06999969482422,16.380747326017502
ALUP4,ALUPAR,"Alupar Investimento S.A., together with its subsidiaries, engages in the transmission, generation, and commercialization of energy in Brazil, Colombia, Peru, and Chile. It operates through Transmission and Generation segments. The company holds a stake in concessions for 44 electric power transmission systems totaling 9,999 kilometers of transmission lines; and operates overhead lines and substations. It is also involved in the generation of renewable energy through hydroelectric plants, wind farms, and photovoltaic plants, which have an installed capacity of 798.5 MW. The company was incorporated in 2006 and is headquartered in São Paulo, Brazil. Alupar Investimento S.A. is a subsidiary of Guarupart Participações Ltda.",https://www.alupar.com.br,Utilities,Utilidades Públicas,14.642858,1.261668,0.15841,0.022799999999999997,12163231580.914005,12.300000190734863,Mid Caps,60,0.8399999638550659,12.599999457825989,2.38,24.0,Baixo,,🟢,10.989999771118164,11.919931272968668
ABEV3,AMBEV S/A,"Ambev S.A., through its subsidiaries, engages in the production, distribution, and sale of beer, draft beer, soft drinks, malt and food, and other beverages in Brazil, Central America and Caribbean, Latin America South, and Canada. The company offers beer, ready-to-drink cocktails and spritzers, soft drinks, water, teas, and isotonic drinks under the Brahma, Skol, Antarctica, Original, Quilmes, Andes Origen, Patricia, Paceha, Huari, Pilsen, Presidente, Balboa, Guaraná Antarctica, and Beats brands. It sells its products to distributors, supermarkets, and retailers within a broad distribution network. The company was founded in 1853 and is headquartered in São Paulo, Brazil. Ambev S.A. operates as a subsidiary of Interbrew International B.V.",https://www.ambev.com.br,Consumer Defensive,Consumo Defensivo,15.209525,2.7944007,0.184,0.0458,246201293904.92603,15.970000267028809,Blue Chips,35,1.0499999353713418,15.749999030570127,-1.4,24.0,Baixo,,🟢,15.649999618530272,2.0447326281058973
ALPA4,ALPARGATAS,"Alpargatas S.A. manufactures and sells footwear and accessories in Brazil and internationally. The company offers its products under the Havaianas, ioasys, and Rothys brands. The company was formerly known as São Paulo Alpargatas S.A. and changed its name to Alpargatas S.A. in 2010. The company was founded in 1907 and is headquartered in São Paulo, Brazil.",https://www.alpargatas.com.br,Consumer Cyclical,Consumo Cíclico,15.26,2.8635767,0.18084998,0.0355,10366598845.48664,15.260000228881836,Mid Caps,35,1.0000000149988097,15.000000224982147,-1.73,24.0,Baixo,,🟢,11.460000038146973,33.15881481750244
MULT3,MULTIPLAN EJ,"Multiplan Empreendimentos Imobiliários S.A. engages in the planning, implementation, development, and sale of real estate projects in Brazil. The company develops residential or commercial properties, including urban shopping malls. It is also involved in the purchase and sale of real estate properties, as well as acquisition and disposal of real estate rights, and its operation through leasing. In addition, the company provides management and administrative services for its own shopping malls or third party; technical advisory and support services concerning real estate matters; and civil construction, construction works execution, and engineering and related services. Further, it engages in the planning, development, management, promotion, and intermediation of real estate projects; import and export of goods and services related to its activities; generation of electric power; vehicle manufacturing and parking services; entertainment services; manage and operate theatres; and administration and promotion services. Additionally, the company engages in promotion, organization, production, agency, programming and execution of sporting, artistic and cultural events, shows, and spectacles; manages sporting, artistic and cultural events; and rental of sound, light and any other equipment. Multiplan Empreendimentos Imobiliários S.A. was founded in 1974 and is based in Rio De Janeiro, Brazil.",https://www.multiplan.com.br,Real Estate,Imobiliário,15.595746,2.6639047,0.21899,0.031,17929246276.66269,36.650001525878906,Mid Caps,35,2.349999899067278,35.24999848600917,-3.97,30.0,Baixo,,🟢,33.130001068115234,10.624812388404564
RENT4,LOCALIZA EJ,"Localiza Rent a Car S.A., together with its subsidiaries, engages in the car rental business in Brazil and internationally. It is involved in fleet administration and management; sale and support of used cars; granting franchises; vehicle claims management; provision of tracking and telemetry solutions; travel and tourism agency services; and other automotive services. The company also offers Zarp, an app-based network dedicated to drivers for car rental. It serves individual and legal entities. The company was founded in 1973 and is headquartered in Belo Horizonte, Brazil.",https://www.localiza.com,Industrials,Indústria,15.873015,2.037822,0.13011,0.0323,55230746100.0,50.0,Blue Chips,15,3.1500001732500094,47.25000259875014,-5.82,12.0,Baixo,,🟢,50.0,0.0
ECOR3,ECORODOVIAS,"EcoRodovias Infraestrutura e Logística S.A. operates as an infrastructure company that operates highway concessions in Brazil. It operates Ecopátio Logística Cubatão, an intermodal logistics platform, which is the regulating site for trucks at the Port of Santos. The company is also involved in the port operations and handling and storage of import and export cargo at the Port of Santos. The company was founded in 1997 and is based in São Paulo, Brazil. EcoRodovias Infraestrutura e Logística S.A. operates as a subsidiary of IGLI S.p.A.",https://www.ecorodovias.com.br,Industrials,Indústria,16.0625,2.1728103,0.12307,0.0235,8938733019.458439,12.850000381469727,Small Caps,0,0.8000000237490881,12.00000035623632,-7.08,0.0,Médio,,🟡,9.960000038146973,29.01606759291167
RENT3,LOCALIZA EJ,"Localiza Rent a Car S.A., together with its subsidiaries, engages in the car rental business in Brazil and internationally. It is involved in fleet administration and management; sale and support of used cars; granting franchises; vehicle claims management; provision of tracking and telemetry solutions; travel and tourism agency services; and other automotive services. The company also offers Zarp, an app-based network dedicated to drivers for car rental. It serves individual and legal entities. The company was founded in 1973 and is headquartered in Belo Horizonte, Brazil.",https://www.localiza.com,Industrials,Indústria,16.082539,2.0647213,0.13011,0.043899999999999995,55959791779.96914,50.65999984741211,Blue Chips,15,3.15000012419756,47.2500018629634,-7.22,12.0,Baixo,,🟢,50.65999984741211,0.0
PNVL3,DIMED EJ,"Dimed S.A. Distribuidora de Medicamentos sells medicines, perfumeries, personal hygiene and beauty products, cosmetics and dermocosmetics in Brazil. It sells its products through physical stores in retail industry. Dimed S.A. Distribuidora de Medicamentos was founded in 1920 and is headquartered in Eldorado do Sul, Brazil.",https://www.grupopanvel.com.br,Healthcare,Saúde,16.10989,1.662697,0.10791001,0.0325,2189846654.3670883,14.65999984741211,Small Caps,0,0.9099999967356767,13.64999995103515,-7.4,6.0,Baixo,,🟢,14.65999984741211,0.0
ENMT3,ENERGISA MT,"Energisa Mato Grosso - Distribuidora de Energia S/A operates as an electricity distributor in Mato Grosso. The company was formerly known as Centrais Elétricas Matogrossenses and changed its name to Energisa Mato Grosso - Distribuidora de Energia S/A in February 2015. The company was founded in 1905 and is headquartered in Cuiabá, Brazil. Energisa Mato Grosso - Distribuidora de Energia S/A is a subsidiary of Rede Energia Participações S.A.",https://www.energisa.com.br,Utilities,Utilidades Públicas,16.133333,1.997139,0.14147,0.084,7947592218.660557,36.29999923706055,Small Caps,15,2.249999999197968,33.74999998796952,-7.56,12.0,Baixo,,🟢,50.0,-27.40000152587891
ENMT4,ENERGISA MT,"Energisa Mato Grosso - Distribuidora de Energia S/A operates as an electricity distributor in Mato Grosso. The company was formerly known as Centrais Elétricas Matogrossenses and changed its name to Energisa Mato Grosso - Distribuidora de Energia S/A in February 2015. The company was founded in 1905 and is headquartered in Cuiabá, Brazil. Energisa Mato Grosso - Distribuidora de Energia S/A is a subsidiary of Rede Energia Participações S.A.",https://www.energisa.com.br,Utilities,Utilidades Públicas,16.391111,2.0290494,0.14147,0.0842,7925698358.839443,36.20000076293945,Small Caps,15,2.2085141612999544,33.12771241949932,-9.27,12.0,Baixo,,🟢,52.0,-30.38461391742413
CPLE3,COPEL,"Companhia Paranaense de Energia - COPEL, together with its subsidiaries, engages in the research, study, planning, construction, production, transformation, transportation, distribution, and commercialization of electricity in Brazil. The company operates through three segments: Generation and Transmission of Electrical Energy; Electrical Energy Distribution; and Commercialization. It produces electricity from hydroelectric and wind power; and constructs, operates, and maintains substations, as well as lines for energy transmission. The company was formerly known as Companhia Paranaense de Energia Elétrica and changed its name to Companhia Paranaense de Energia - COPEL in October 1979. Companhia Paranaense de Energia - COPEL was founded in 1954 and is headquartered in Curitiba, Brazil.",https://www.copel.com,Utilities,Utilidades Públicas,16.471699,2.296764,0.12764,0.060899999999999996,51849398217.5603,17.459999084472656,Blue Chips,30,1.0599998873505796,15.899998310258693,-9.81,18.0,Baixo,,🟢,15.119999885559082,15.476185295136657
BMOB3,BEMOBI TECH,"Bemobi Mobile Tech S.A., a technology company, provides solutions and mobile platforms for digital payments, customer engagement, microfinance, and digital services in Brazil and internationally. The company offers Bemobi Pay, which includes smart checkouts which offers white-label and customizable solution, payment method orchestration, and multiple payment methods; Smart POS, that accepts payments; Payment Orchestration which optimizes payments and connects business to multiple providers, increase approval rates, and reduce fraud; and simplify payment management. It also provides Grace, an AI-first conversational payments platform; digital engagement solutions for telecom ISPs and telco MNOS; and Agenda Edu SuperApp, a tool for communication, engagement, and school finances. In addition, the company offers microfinance and digital subscriptions solutions for telco MNOS; and Wave, a digital native platform for telecommunications; and mobile scoring solutions for telcos and finances. It serves telecom MNOs and ISPs, utilities, education, health, and finance industries. Bemobi Mobile Tech S.A. was incorporated in 2007 and is headquartered in Rio De Janeiro, Brazil.",https://www.bemobi.com.br,Communication Services,Comunicação,16.713512,2.736283,0.16359,0.0637,2579583160.805025,30.920000076293945,Small Caps,35,1.8500001720939288,27.750002581408932,-11.42,24.0,Baixo,,🟢,24.540000915527344,25.998365618355564
PASS3,COMPASS,"Compass Gas e Energia S.A. engages in distribution and promotion of natural gas in Brazil. The company operates through two operating segments: Gas Distribution and Marketing and Services. It engages in distribution of piped natural gas, origination, commercialization and gas supply infrastructure, as well as the development of solutions aligned with the energy transition, including biomethane projects. The company serves serves customers in the residential, commercial, industrial, automotive, cogeneration, and thermoelectric generation. The company was founded in 2012 and is based in São Paulo, Brazil. Compass Gas e Energia S.A. is a subsidiary of Cosan Dez Participacoes S. A.",https://www.compassbr.com,Utilities,Utilidades Públicas,17.574194,3.2244318,0.17364,0.04650000000000001,18571331916.075928,27.239999771118164,Mid Caps,35,1.5499999471451247,23.24999920717687,-17.16,24.0,Baixo,,🟢,27.239999771118164,0.0
WHRL3,WHIRLPOOL,"Whirlpool S.A. manufactures, sells, import, and exports home appliances in Brazil. The company offers refrigerators, freezers, refrigerator-freezers, air conditioners, ice makers, stoves, dishwashers, garbage disposals and compactors, trash compactors, and vacuum cleaners. It also provides maintenance and repair of electrical products and parts; electronics, hydraulics, metallurgy, chemicals and iron, painting, and construction services; budgetary advice; auxiliary services in the areas of security, health, leisure, daily life, and well-being; marketing and advertising; intermediation in the trade of products; sale of subscriptions through electronic means; and marketing activities of clothing, accessories, home and kitchen utensils, and other products. It sells its products under the Brastemp, Consul, KitchenAind, Compra Certa, B.blend, and Insinkerator brands. The company was founded in 1957 and is based in São Paulo, Brazil. Whirlpool S.A. operates as a subsidiary of Whirlpool Corporation.",https://www.whirlpool.com.br,Consumer Cyclical,Consumo Cíclico,18.526316,2.7586207,0.14082,0.08689999999999999,5379973786.826527,3.5799999237060547,Small Caps,15,0.19323863004960373,2.898579450744056,-23.51,12.0,Baixo,,🟢,4.349999904632568,-17.701149374888395
WHRL4,WHIRLPOOL,"Whirlpool S.A. manufactures, sells, import, and exports home appliances in Brazil. The company offers refrigerators, freezers, refrigerator-freezers, air conditioners, ice makers, stoves, dishwashers, garbage disposals and compactors, trash compactors, and vacuum cleaners. It also provides maintenance and repair of electrical products and parts; electronics, hydraulics, metallurgy, chemicals and iron, painting, and construction services; budgetary advice; auxiliary services in the areas of security, health, leisure, daily life, and well-being; marketing and advertising; intermediation in the trade of products; sale of subscriptions through electronic means; and marketing activities of clothing, accessories, home and kitchen utensils, and other products. It sells its products under the Brastemp, Consul, KitchenAind, Compra Certa, B.blend, and Insinkerator brands. The company was founded in 1957 and is based in São Paulo, Brazil. Whirlpool S.A. operates as a subsidiary of Whirlpool Corporation.",https://www.whirlpool.com.br,Consumer Cyclical,Consumo Cíclico,19.263159,3.0073953,0.14082,0.08810000000000001,5500196910.945158,3.6600000858306885,Small Caps,15,0.18999999355405248,2.849999903310787,-28.42,12.0,Baixo,,🟢,4.599999904632568,-20.434779093260953
SMFT3,SMART FIT,"Smartfit Escola de Ginástica e Dança S.A. operates a network of Smart Fit gyms in Latin America. The company offers digital fitness services under the Queima Diária brand. It operates through owned and franchised units in Brazil, Mexico, Colombia, Chile, Peru, Argentina, Paraguay, Uruguay, Panama, Costa Rica, Dominican Republic, Ecuador, Guatemala, El Salvador and Honduras under the Smart Fit and Bio Ritmo brands. Smartfit Escola de Ginástica e Dança S.A. was founded in 1996 and is based in São Paulo, Brazil.",https://www.smartfit.com.br,Consumer Cyclical,Consumo Cíclico,20.126125,2.2650309,0.11691,0.0464,13673843568.315834,22.34000015258789,Mid Caps,15,1.1100000696899126,16.650001045348688,-34.17,12.0,Médio,,🟡,19.07999992370605,17.085955146317556
VAMO3,VAMOS,"Vamos Locação de Caminhões, Máquinas e Equipamentos S.A., together with its subsidiaries, engages in the leasing, reselling, and selling of trucks, machinery, equipment, and parts in Brazil. The company leases tractors, forklift trucks, agricultural machinery and implements, buses, and other vehicles; sells automobile parts and accessories; sells new and used tractors, machines, tires, air tubes, implements, motor vehicles, and buses; and provides automobile maintenance and repair, and technical assistance and related services, as well as engages in the logistics and road transportation of cargos. It also offers civil construction, parts, lubricants, provision of vehicle repair and maintenance services and the like, road transportation of cargo in general, wholesale trade of machinery, apparatus and equipment for agricultural use, parts and pieces, and intermediation and agency activities for services and business in general, except real estate; commercial representatives and agents for the trade of motor vehicles. In addition, the company sells fertilizers, herbicides, and seeds; and provides engineering services related to customization of trucks and buses, as well as provision of agricultural activities. Further, the company manufactures and sells truck trailers, truck bodies, road implements, cabins, and industrial machinery and equipment; and provides installation, renovation, repair, and maintenance of equipment and vehicles; provision of logistics and road freight transportation services; information technology services; technical analysis on motor vehicles; forklift operator services; and outsourcing and managing of human resources. Vamos Locação de Caminhões, Máquinas e Equipamentos S.A. was incorporated in 2015 and is headquartered in São Paulo, Brazil. Vamos Locação de Caminhões, Máquinas e Equipamentos S.A. is a subsidiary of SIMPAR S.A.",https://grupovamos.com.br,Industrials,Indústria,21.642857,2.4805565,0.10701,0.0231,7403747566.131446,6.059999942779541,Small Caps,0,0.2799999992043352,4.199999988065028,-44.29,0.0,Alto,,🔴,4.079999923706055,48.52941313966888
FLRY3,FLEURY,"Fleury S.A., together with its subsidiaries, engages in the provision of diagnostic imaging, clinical analysis, fertility, and infusions services in Brazil. It operates in two segments, Diagnostic Medicine and Integrated Medicine. The company also provides medical services in the areas of diagnostics, laboratory support, infusions, clinical analyses, health management, healthcare, assistance medicine, orthopedics, ophthalmology, toxicological tests, fertility, infusions, and others. In addition, it operates a health platform, immunobiological drug infusion center, and ophthalmology service centers. Fleury S.A. was founded in 1926 and is headquartered in São Paulo, Brazil.",https://ri.fleury.com.br,Healthcare,Saúde,22.206898,2.8070176,0.12618,0.050499999999999996,14003811242.506165,25.760000228881836,Mid Caps,30,1.1599999346546213,17.39999901981932,-48.05,12.0,Médio,,🟡,16.350000381469727,57.55351454350382
B3SA3,B3 EJ,"B3 S.A. - Brasil, Bolsa, Balcão, a financial market infrastructure company, provides trading services in an exchange and OTC environment. It operates through Markets, Data analytics solutions, Capital Market solutions, and Technology and platform segments. The company organized markets for securities, such as equities, financial contracts, indices, rates, currencies, energy, transportation, commodities, and spot and future settlement transactions. It also provides technological solutions for insurance, reinsurance, pension, and capitalization bond markets; data processing and analytics services, including standardization, quotations, and statistics; supports credit, financing, and leasing transactions in automotive, real estate, energy, and agribusiness sectors; and operates trading systems and clearinghouses. In addition, the company organized an over-the-counter market, and acts as a clearing ang settlement house. The company was formerly known as BM&FBOVESPA S.A. - Bolsa de Valores, Mercadorias e Futuros and changed its name to B3 S.A. - Brasil, Bolsa, Balcão in June 2017. B3 S.A. - Brasil, Bolsa, Balcão was incorporated in 2007 and is headquartered in São Paulo, Brazil.",https://www.b3.com.br,Financial Services,Serviços Financeiros,22.33,5.9673967,0.27714002,0.0337,111217938504.36649,22.329999923706055,Blue Chips,35,0.9999999965833434,14.999999948750151,-48.87,30.0,Médio,,🟡,18.459999084472656,20.964252606537723
UNIP3,UNIPAR,"Unipar Carbocloro S.A. produces and sells chlorine and caustic soda in South America. The company offers sodium hypochlorite, hydrochloric acid, dichloroethane, and vinyl chloride monomer. Its products are used in construction, sanitation, food, utilities, mining, steelmaking, automotive, healthcare, and pulp and paper industries. Unipar Carbocloro S.A. was incorporated in 1969 and is headquartered in São Paulo, Brazil.",https://www.unipar.com,Basic Materials,Materiais Básicos,25.622726,3.147931,0.107650004,0.10460000000000001,6287559424.295254,56.29999923706055,Small Caps,15,2.1972681297478087,32.95902194621713,-70.82,12.0,Médio,,🟡,65.77999877929688,-14.411674852782141
RADL3,RAIADROGASIL,"Raia Drogasil S.A. engages in the retail sale of medicines, perfumery, personal care and beauty products, cosmetics and dermocosmetics and specialty medicines in Brazil. The company sells its products through stores, telesales, and call centers. Raia Drogasil S.A. was founded in 1905 and is headquartered in São Paulo, Brazil.",https://rdsaude.com.br,Healthcare,Saúde,26.3625,5.057554,0.19993,0.0209,36876629505.13545,21.09000015258789,Mid Caps,35,0.800000005788066,12.00000008682099,-75.75,18.0,Médio,,🟡,21.09000015258789,0.0
UNIP6,UNIPAR B,"Unipar Carbocloro S.A. produces and sells chlorine and caustic soda in South America. The company offers sodium hypochlorite, hydrochloric acid, dichloroethane, and vinyl chloride monomer. Its products are used in construction, sanitation, food, utilities, mining, steelmaking, automotive, healthcare, and pulp and paper industries. Unipar Carbocloro S.A. was incorporated in 1969 and is headquartered in São Paulo, Brazil.",https://www.unipar.com,Basic Materials,Materiais Básicos,26.67857,3.5620193,0.107650004,0.1084,6673970616.949558,59.7599983215332,Small Caps,15,2.2400000570320375,33.600000855480566,-77.86,12.0,Médio,,🟡,68.5199966430664,-12.784586618072513
